<rss version="2.0" xmlns:atom="http://www.w3.org/2005/Atom"><channel><title>EGI Documentation – Community-specific Documentation</title><link>/users/communities/</link><description>Recent content in Community-specific Documentation on EGI Documentation</description><generator>Hugo -- gohugo.io</generator><atom:link href="/users/communities/index.xml" rel="self" type="application/rss+xml"/><item><title>Users: Disaster Mitigation and Agriculture community</title><link>/users/communities/dmcc/</link><pubDate>Mon, 01 Jan 0001 00:00:00 +0000</pubDate><guid>/users/communities/dmcc/</guid><description>
&lt;p>This is the documentation to support the Disaster Mitigation and Agriculture community.&lt;/p>
&lt;h2 id="researchers">Researchers&lt;/h2>
&lt;h3 id="how-to-get-access">How to get access&lt;/h3>
&lt;p>Getting access to the EGI infrastructure consists of the following steps:&lt;/p>
&lt;ol>
&lt;li>&lt;a href="../../aai/check-in/signup/">Sign-up&lt;/a> for an EGI Check-In account.&lt;/li>
&lt;li>Request to join the &lt;code>vo.environmental.egi.eu&lt;/code> Virtual Organisation (VO)
by visiting the &lt;a href="https://aai.egi.eu/registry/co_petitions/start/coef:369">enrollment URL&lt;/a>
with your EGI Check-In account. The subscription requires approval from the
VO Manager.&lt;/li>
&lt;li>Access the cloud-based resources at CESNET-MCC:
&lt;ul>
&lt;li>&lt;a href="https://dashboard.cloud.muni.cz/">Horizon OpenStack dashboard&lt;/a>&lt;/li>
&lt;li>Project name: &lt;code>vo.environmental.egi.eu&lt;/code>&lt;/li>
&lt;li>Project ID: &lt;code>29e6fbf618984a0c98ffcdf0222ad815&lt;/code>&lt;/li>
&lt;li>Network ID: &lt;code>group-project-network&lt;/code>&lt;/li>
&lt;li>Security Group: ingress traffic to port 22 (SSH) is enabled&lt;/li>
&lt;/ul>
&lt;/li>
&lt;/ol>
&lt;h3 id="how-to-bring-your-scientific-application-to-the-egi-infrastructure">How to bring your scientific application to the EGI infrastructure&lt;/h3>
&lt;p>The official solution to distribute software in the EGI Infrastructure
is to use &lt;a href="https://cernvm.cern.ch/fs/">CVMFS&lt;/a>, the Software
Distribution Service developed to assist High Energy Physics collaborations
at CERN. For more details, please refer to the
&lt;a href="../../compute/content-distribution/">Contend Distribution&lt;/a> documentation.&lt;/p>
&lt;p>The following alternative solutions for sharing scientific software in the
EGI Infrastructure are also available:&lt;/p>
&lt;ul>
&lt;li>Use the &lt;a href="https://appdb.egi.eu/">EGI Applications Database&lt;/a> (AppDB):
either &lt;a href="../../compute/cloud-compute/images/">packaging your application in a custom Virtual Machine&lt;/a>
or &lt;a href="https://wiki.appdb.egi.eu/main:faq:how_to_register_a_virtual_appliance">uploading a Virtual Appliance&lt;/a>.&lt;/li>
&lt;li>Use &lt;a href="https://www.docker.com/">Docker&lt;/a> containers via the
&lt;a href="../../compute/cloud-container-compute/">EGI Cloud Compute Service&lt;/a>.&lt;/li>
&lt;/ul>
&lt;p>To get started, have a look at the tutorial to
&lt;a href="../../tutorials/create-your-first-virtual-machine/">create your first Virtual Machine&lt;/a>
in the EGI Infrastructure.&lt;/p>
&lt;h3 id="how-to-bring-your-data-to-the-egi-infrastructure">How to bring your data to the EGI infrastructure&lt;/h3>
&lt;p>For managing data, different Data Management services are available in the EGI Infrastructure:&lt;/p>
&lt;ul>
&lt;li>&lt;a href="../../data/management/datahub/">EGI DataHub&lt;/a>&lt;/li>
&lt;li>&lt;a href="../../data/management/data-transfer/">EGI Data Transfer&lt;/a>&lt;/li>
&lt;li>&lt;a href="../../data/management/rucio/">EGI Data Orchestrator&lt;/a>&lt;/li>
&lt;li>&lt;a href="../../data/management/open-rdm/">OpenRDM&lt;/a>&lt;/li>
&lt;/ul>
&lt;p>For more information, please see the &lt;a href="../../data/management/">Data Management section&lt;/a> and
the &lt;a href="../../tutorials/">tutorials&lt;/a>. The following tutorials may be relevant:&lt;/p>
&lt;ul>
&lt;li>&lt;a href="../..//tutorials/jupyter-datahub-virtual-machine/">Create a Virtual Machine with Jupyter and DataHub&lt;/a>&lt;/li>
&lt;li>&lt;a href="../../tutorials/vm-datahub/">Access DataHub from a Virtual Machine&lt;/a>&lt;/li>
&lt;/ul>
&lt;h2 id="service-providers">Service Providers&lt;/h2>
&lt;h3 id="how-to-contribute-cloud-resources">How to contribute cloud resources&lt;/h3>
&lt;p>The steps that an OpenStack cloud provider needs to follow to add resources
to the Disaster Mitigation and Agriculture community
Virtual Organisation (i.e. &lt;code>vo.environmental.egi.eu&lt;/code>) are available in the
&lt;a href="../../../providers/cloud-compute/openstack/vo_config/">VO Configuration guide for providers&lt;/a>.&lt;/p></description></item></channel></rss>