<rss version="2.0" xmlns:atom="http://www.w3.org/2005/Atom"><channel><title>EGI Documentation – Service registration requirements</title><link>/internal/configuration-database/service-registration-requirements/</link><description>Recent content in Service registration requirements on EGI Documentation</description><generator>Hugo -- gohugo.io</generator><atom:link href="/internal/configuration-database/service-registration-requirements/index.xml" rel="self" type="application/rss+xml"/></channel></rss>