<rss version="2.0" xmlns:atom="http://www.w3.org/2005/Atom"><channel><title>EGI Documentation – HOWTO02 Site Certification Required Documentation</title><link>/providers/operations-manuals/howto02_site_certification_required_documentation/</link><description>Recent content in HOWTO02 Site Certification Required Documentation on EGI Documentation</description><generator>Hugo -- gohugo.io</generator><atom:link href="/providers/operations-manuals/howto02_site_certification_required_documentation/index.xml" rel="self" type="application/rss+xml"/></channel></rss>