<rss version="2.0" xmlns:atom="http://www.w3.org/2005/Atom"><channel><title>EGI Documentation – 'Notify Site' field and tickets to multiple sites</title><link>/internal/helpdesk/features/tickets-to-multiple-sites/</link><description>Recent content in 'Notify Site' field and tickets to multiple sites on EGI Documentation</description><generator>Hugo -- gohugo.io</generator><atom:link href="/internal/helpdesk/features/tickets-to-multiple-sites/index.xml" rel="self" type="application/rss+xml"/></channel></rss>