<rss version="2.0" xmlns:atom="http://www.w3.org/2005/Atom"><channel><title>EGI Documentation – Cloud Container Compute</title><link>/users/compute/cloud-container-compute/</link><description>Recent content in Cloud Container Compute on EGI Documentation</description><generator>Hugo -- gohugo.io</generator><atom:link href="/users/compute/cloud-container-compute/index.xml" rel="self" type="application/rss+xml"/><item><title>Users: Docker VM</title><link>/users/compute/cloud-container-compute/docker/</link><pubDate>Mon, 01 Jan 0001 00:00:00 +0000</pubDate><guid>/users/compute/cloud-container-compute/docker/</guid><description>
&lt;p>The
&lt;a href="https://appdb.egi.eu/store/vappliance/egi.docker.ubuntu.16.04">EGI Docker VA&lt;/a>
is a ready-to-use Virtual Machine Image with &lt;a href="https://www.docker.com/">docker&lt;/a>
and &lt;a href="https://docs.docker.com/compose/">docker-compose&lt;/a> pre-installed.&lt;/p>
&lt;p>You can start that image as any other VA available from AppDB:&lt;/p>
&lt;ol>
&lt;li>
&lt;p>Go to the
&lt;a href="https://appdb.egi.eu/store/vappliance/egi.docker.ubuntu.16.04">EGI Docker image entry in AppDB&lt;/a>.&lt;/p>
&lt;/li>
&lt;li>
&lt;p>Check the identifiers of the endpoint, image and flavor you want to use at
the provider.&lt;/p>
&lt;/li>
&lt;li>
&lt;p>Use a ssh key when, so you can log into the VM once it's instantiated.&lt;/p>
&lt;/li>
&lt;li>
&lt;p>Once up, just ssh in the VM and start using docker as usual.&lt;/p>
&lt;/li>
&lt;/ol>
&lt;h3 id="using-docker-from-inside-the-vm">Using docker from inside the VM&lt;/h3>
&lt;p>You can log in with user &lt;code>ubuntu&lt;/code> and your ssh key:&lt;/p>
&lt;div class="highlight">&lt;pre tabindex="0" style="background-color:#f8f8f8;-moz-tab-size:4;-o-tab-size:4;tab-size:4;">&lt;code class="language-shell" data-lang="shell">&lt;span style="display:flex;">&lt;span>ssh -i &amp;lt;yourprivatekey&amp;gt; ubuntu@&amp;lt;your VM ip&amp;gt;
&lt;/span>&lt;/span>&lt;/code>&lt;/pre>&lt;/div>&lt;p>Once in, you can run any docker command, e.g.:&lt;/p>
&lt;div class="highlight">&lt;pre tabindex="0" style="background-color:#f8f8f8;-moz-tab-size:4;-o-tab-size:4;tab-size:4;">&lt;code class="language-shell" data-lang="shell">&lt;span style="display:flex;">&lt;span>ubuntu@fedcloud_vm:~$ sudo docker run hello-world
&lt;/span>&lt;/span>&lt;span style="display:flex;">&lt;span>Unable to find image &lt;span style="color:#4e9a06">&amp;#39;hello-world:latest&amp;#39;&lt;/span> locally
&lt;/span>&lt;/span>&lt;span style="display:flex;">&lt;span>latest: Pulling from library/hello-world
&lt;/span>&lt;/span>&lt;span style="display:flex;">&lt;span>b901d36b6f2f: Pull &lt;span style="color:#204a87">complete&lt;/span>
&lt;/span>&lt;/span>&lt;span style="display:flex;">&lt;span>0a6ba66e537a: Pull &lt;span style="color:#204a87">complete&lt;/span>
&lt;/span>&lt;/span>&lt;span style="display:flex;">&lt;span>Digest: sha256:8be990ef2aeb16dbcb9271ddfe2610fa6658d13f6dfb8bc72074cc1ca36966a7
&lt;/span>&lt;/span>&lt;span style="display:flex;">&lt;span>Status: Downloaded newer image &lt;span style="color:#204a87;font-weight:bold">for&lt;/span> hello-world:latest
&lt;/span>&lt;/span>&lt;span style="display:flex;">&lt;span>Hello from Docker.
&lt;/span>&lt;/span>&lt;span style="display:flex;">&lt;span>This message shows that your installation appears to be working correctly.
&lt;/span>&lt;/span>&lt;span style="display:flex;">&lt;span>To generate this message, Docker took the following steps:
&lt;/span>&lt;/span>&lt;span style="display:flex;">&lt;span> 1. The Docker client contacted the Docker daemon.
&lt;/span>&lt;/span>&lt;span style="display:flex;">&lt;span> 2. The Docker daemon pulled the &lt;span style="color:#4e9a06">&amp;#34;hello-world&amp;#34;&lt;/span> image from the Docker Hub.
&lt;/span>&lt;/span>&lt;span style="display:flex;">&lt;span> 3. The Docker daemon created a new container from that image which runs the
&lt;/span>&lt;/span>&lt;span style="display:flex;">&lt;span> executable that produces the output you are currently reading.
&lt;/span>&lt;/span>&lt;span style="display:flex;">&lt;span> 4. The Docker daemon streamed that output to the Docker client, which sent it
&lt;/span>&lt;/span>&lt;span style="display:flex;">&lt;span> to your terminal.
&lt;/span>&lt;/span>&lt;span style="display:flex;">&lt;span>To try something more ambitious, you can run an Ubuntu container with:
&lt;/span>&lt;/span>&lt;span style="display:flex;">&lt;span> $ docker run -it ubuntu bash
&lt;/span>&lt;/span>&lt;span style="display:flex;">&lt;span>Share images, automate workflows, and more with a free Docker Hub account:
&lt;/span>&lt;/span>&lt;span style="display:flex;">&lt;span> https://hub.docker.com
&lt;/span>&lt;/span>&lt;span style="display:flex;">&lt;span>For more examples and ideas, visit:
&lt;/span>&lt;/span>&lt;span style="display:flex;">&lt;span> https://docs.docker.com/userguide/
&lt;/span>&lt;/span>&lt;/code>&lt;/pre>&lt;/div>&lt;p>Docker-compose can be also used to execute applications with more than one
container running together,
&lt;a href="https://docs.docker.com/compose/">follow this documentation&lt;/a> to learn more.&lt;/p>
&lt;h3 id="known-issues">Known issues&lt;/h3>
&lt;h4 id="mtu-and-docker">MTU and docker&lt;/h4>
&lt;p>Depending on the cloud provider you may encounter unexpected network
connectivity issues when working inside the docker container. If that is
the case, please try reconfiguring the
&lt;a href="https://en.wikipedia.org/wiki/Maximum_transmission_unit">MTU&lt;/a>
for the docker daemon:&lt;/p>
&lt;div class="highlight">&lt;pre tabindex="0" style="background-color:#f8f8f8;-moz-tab-size:4;-o-tab-size:4;tab-size:4;">&lt;code class="language-shell" data-lang="shell">&lt;span style="display:flex;">&lt;span>&lt;span style="color:#8f5902;font-style:italic"># check current MTU value&lt;/span>
&lt;/span>&lt;/span>&lt;span style="display:flex;">&lt;span>sudo docker network inspect bridge &lt;span style="color:#000;font-weight:bold">|&lt;/span> grep mtu &lt;span style="color:#000;font-weight:bold">|&lt;/span> awk &lt;span style="color:#4e9a06">&amp;#39;{print $2}&amp;#39;&lt;/span>
&lt;/span>&lt;/span>&lt;span style="display:flex;">&lt;span>
&lt;/span>&lt;/span>&lt;span style="display:flex;">&lt;span>&lt;span style="color:#8f5902;font-style:italic"># the default 1500 value does not work properly&lt;/span>
&lt;/span>&lt;/span>&lt;span style="display:flex;">&lt;span>&lt;span style="color:#8f5902;font-style:italic"># edit docker configuration&lt;/span>
&lt;/span>&lt;/span>&lt;span style="display:flex;">&lt;span>vi /etc/docker/daemon.json
&lt;/span>&lt;/span>&lt;span style="display:flex;">&lt;span>
&lt;/span>&lt;/span>&lt;span style="display:flex;">&lt;span>&lt;span style="color:#8f5902;font-style:italic"># ensure MTU value is 1376&lt;/span>
&lt;/span>&lt;/span>&lt;span style="display:flex;">&lt;span>&lt;span style="color:#ce5c00;font-weight:bold">{&lt;/span>
&lt;/span>&lt;/span>&lt;span style="display:flex;">&lt;span> &lt;span style="color:#4e9a06">&amp;#34;mtu&amp;#34;&lt;/span>: &lt;span style="color:#0000cf;font-weight:bold">1376&lt;/span>
&lt;/span>&lt;/span>&lt;span style="display:flex;">&lt;span>&lt;span style="color:#ce5c00;font-weight:bold">}&lt;/span>
&lt;/span>&lt;/span>&lt;span style="display:flex;">&lt;span>
&lt;/span>&lt;/span>&lt;span style="display:flex;">&lt;span>&lt;span style="color:#8f5902;font-style:italic"># then restart docker&lt;/span>
&lt;/span>&lt;/span>&lt;span style="display:flex;">&lt;span>sudo systemctl restart docker
&lt;/span>&lt;/span>&lt;/code>&lt;/pre>&lt;/div>&lt;p>We experienced this issue when trying to install a pip dependency using
&lt;code>continuumio/miniconda3&lt;/code> container from
&lt;a href="https://hub.docker.com/r/continuumio/miniconda3">docker hub&lt;/a>.&lt;/p></description></item><item><title>Users: Kubernetes</title><link>/users/compute/cloud-container-compute/k8s/</link><pubDate>Mon, 01 Jan 0001 00:00:00 +0000</pubDate><guid>/users/compute/cloud-container-compute/k8s/</guid><description>
&lt;p>There are several container management tools available, on the EGI Cloud we use
&lt;a href="https://kubernetes.io">Kubernetes&lt;/a> as the default platform for our service.
This guide explains how to get a running scalable Kubernetes deployment for your
applications with EC3.&lt;/p>
&lt;h2 id="getting-started">Getting started&lt;/h2>
&lt;p>Before getting your kubernetes cluster deployed, you need to get access to the
Cloud Compute service, check the
&lt;a href="../../cloud-compute/auth">Authentication and Authorisation guide&lt;/a> for more
information. You should also get the &lt;a href="../../../getting-started/cli">FedCloud client&lt;/a>
installed to get EC3 templates needed to start deployment.&lt;/p>
&lt;p>Your kubernetes deployment needs to be performed at an specific provider (site)
and project. Discover them using &lt;code>fedcloud&lt;/code> as described in the
&lt;a href="../../../compute/orchestration/ec3">EC3 tutorial&lt;/a>.&lt;/p>
&lt;h3 id="ec3-templates">EC3 Templates&lt;/h3>
&lt;p>EC3 relies on a set of &lt;em>templates&lt;/em> that will determine what will be deployed on
the infrastructure. &lt;code>fedcloud&lt;/code> helps you to get an initial set of templates for
your kubernetes deployment:&lt;/p>
&lt;div class="highlight">&lt;pre tabindex="0" style="background-color:#f8f8f8;-moz-tab-size:4;-o-tab-size:4;tab-size:4;">&lt;code class="language-shell" data-lang="shell">&lt;span style="display:flex;">&lt;span>mkdir k8s
&lt;/span>&lt;/span>&lt;span style="display:flex;">&lt;span>&lt;span style="color:#204a87">cd&lt;/span> k8s
&lt;/span>&lt;/span>&lt;span style="display:flex;">&lt;span>fedcloud ec3 init --site &amp;lt;your site&amp;gt; --vo &amp;lt;your vo&amp;gt;
&lt;/span>&lt;/span>&lt;/code>&lt;/pre>&lt;/div>&lt;p>You will also need a base image template for the deployment. Please refer to the
&lt;a href="../../../compute/orchestration/ec3">EC3 tutorial&lt;/a> to create such file. Below you can see
an example for IFCA-LCG2 site with project related to &lt;code>vo.access.egi.eu&lt;/code>:&lt;/p>
&lt;!-- markdownlint-disable line-length -->
&lt;div class="highlight">&lt;pre tabindex="0" style="background-color:#f8f8f8;-moz-tab-size:4;-o-tab-size:4;tab-size:4;">&lt;code class="language-plaintext" data-lang="plaintext">&lt;span style="display:flex;">&lt;span>description ubuntu-ifca (
&lt;/span>&lt;/span>&lt;span style="display:flex;">&lt;span> kind = &amp;#39;images&amp;#39; and
&lt;/span>&lt;/span>&lt;span style="display:flex;">&lt;span> short = &amp;#39;ubuntu18-ifca&amp;#39; and
&lt;/span>&lt;/span>&lt;span style="display:flex;">&lt;span> content = &amp;#39;Ubuntu 18 image at IFCA-LCG2&amp;#39;
&lt;/span>&lt;/span>&lt;span style="display:flex;">&lt;span>)
&lt;/span>&lt;/span>&lt;span style="display:flex;">&lt;span>
&lt;/span>&lt;/span>&lt;span style="display:flex;">&lt;span>network public (
&lt;/span>&lt;/span>&lt;span style="display:flex;">&lt;span> provider_id = &amp;#39;external&amp;#39; and
&lt;/span>&lt;/span>&lt;span style="display:flex;">&lt;span> outports contains &amp;#39;22/tcp&amp;#39;
&lt;/span>&lt;/span>&lt;span style="display:flex;">&lt;span>)
&lt;/span>&lt;/span>&lt;span style="display:flex;">&lt;span>
&lt;/span>&lt;/span>&lt;span style="display:flex;">&lt;span>network private (provider_id = &amp;#39;provider-2008&amp;#39;)
&lt;/span>&lt;/span>&lt;span style="display:flex;">&lt;span>
&lt;/span>&lt;/span>&lt;span style="display:flex;">&lt;span>system front (
&lt;/span>&lt;/span>&lt;span style="display:flex;">&lt;span> cpu.arch = &amp;#39;x86_64&amp;#39; and
&lt;/span>&lt;/span>&lt;span style="display:flex;">&lt;span> cpu.count &amp;gt;= 2 and
&lt;/span>&lt;/span>&lt;span style="display:flex;">&lt;span> memory.size &amp;gt;= 2048 and
&lt;/span>&lt;/span>&lt;span style="display:flex;">&lt;span> disk.0.os.name = &amp;#39;linux&amp;#39; and
&lt;/span>&lt;/span>&lt;span style="display:flex;">&lt;span> disk.0.image.url = &amp;#39;ost://api.cloud.ifca.es/723171cb-53b2-4881-ae37-a7400ce0665b&amp;#39; and
&lt;/span>&lt;/span>&lt;span style="display:flex;">&lt;span> disk.0.os.credentials.username = &amp;#39;cloudadm&amp;#39;
&lt;/span>&lt;/span>&lt;span style="display:flex;">&lt;span>)
&lt;/span>&lt;/span>&lt;span style="display:flex;">&lt;span>
&lt;/span>&lt;/span>&lt;span style="display:flex;">&lt;span>system wn (
&lt;/span>&lt;/span>&lt;span style="display:flex;">&lt;span> cpu.arch = &amp;#39;x86_64&amp;#39; and
&lt;/span>&lt;/span>&lt;span style="display:flex;">&lt;span> cpu.count &amp;gt;= 2 and
&lt;/span>&lt;/span>&lt;span style="display:flex;">&lt;span> memory.size &amp;gt;= 2048 and
&lt;/span>&lt;/span>&lt;span style="display:flex;">&lt;span> ec3_max_instances = 5 and # maximum number of working nodes in the cluster
&lt;/span>&lt;/span>&lt;span style="display:flex;">&lt;span> disk.0.os.name = &amp;#39;linux&amp;#39; and
&lt;/span>&lt;/span>&lt;span style="display:flex;">&lt;span> disk.0.image.url = &amp;#39;ost://api.cloud.ifca.es/723171cb-53b2-4881-ae37-a7400ce0665b&amp;#39; and
&lt;/span>&lt;/span>&lt;span style="display:flex;">&lt;span> disk.0.os.credentials.username = &amp;#39;cloudadm&amp;#39;
&lt;/span>&lt;/span>&lt;span style="display:flex;">&lt;span>)
&lt;/span>&lt;/span>&lt;/code>&lt;/pre>&lt;/div>&lt;!-- markdownlint-enable line-length -->
&lt;p>Now you are ready to deploy the cluster using &lt;code>launch&lt;/code> command of ec3 with:&lt;/p>
&lt;ol>
&lt;li>
&lt;p>the name of the deployment, &lt;code>k8s&lt;/code> in this case&lt;/p>
&lt;/li>
&lt;li>
&lt;p>a list of templates: &lt;code>kubernetes&lt;/code> for configuring kubernetes, &lt;code>ubuntu&lt;/code> for
specifying the image and site details, &lt;code>refresh&lt;/code> to enable credential refresh
and elasticity&lt;/p>
&lt;/li>
&lt;li>
&lt;p>the credentials to access the site with &lt;code>-a auth.dat&lt;/code>&lt;/p>
&lt;/li>
&lt;/ol>
&lt;div class="highlight">&lt;pre tabindex="0" style="background-color:#f8f8f8;-moz-tab-size:4;-o-tab-size:4;tab-size:4;">&lt;code class="language-shell" data-lang="shell">&lt;span style="display:flex;">&lt;span>$ docker run -it -v &lt;span style="color:#000">$PWD&lt;/span>:/root/ -w /root grycap/ec3 &lt;span style="color:#4e9a06">\
&lt;/span>&lt;/span>&lt;/span>&lt;span style="display:flex;">&lt;span>&lt;span style="color:#4e9a06">&lt;/span> launch k8s kubernetes ubuntu refresh -a auth.dat
&lt;/span>&lt;/span>&lt;span style="display:flex;">&lt;span>Creating infrastructure
&lt;/span>&lt;/span>&lt;span style="display:flex;">&lt;span>Infrastructure successfully created with ID: b9577c34-f818-11ea-a644-2e0fc3c063db
&lt;/span>&lt;/span>&lt;span style="display:flex;">&lt;span>Front-end configured with IP 193.144.46.249
&lt;/span>&lt;/span>&lt;span style="display:flex;">&lt;span>Transferring infrastructure
&lt;/span>&lt;/span>&lt;span style="display:flex;">&lt;span>Front-end ready!
&lt;/span>&lt;/span>&lt;/code>&lt;/pre>&lt;/div>&lt;p>Your kubernetes deployment is now ready, log in with the &lt;code>ssh&lt;/code> command of ec3:&lt;/p>
&lt;div class="highlight">&lt;pre tabindex="0" style="background-color:#f8f8f8;-moz-tab-size:4;-o-tab-size:4;tab-size:4;">&lt;code class="language-shell" data-lang="shell">&lt;span style="display:flex;">&lt;span>$ docker run -it -v &lt;span style="color:#000">$PWD&lt;/span>:/root/ -w /root grycap/ec3 ssh k8s
&lt;/span>&lt;/span>&lt;span style="display:flex;">&lt;span>Warning: Permanently added &lt;span style="color:#4e9a06">&amp;#39;193.144.46.249&amp;#39;&lt;/span> &lt;span style="color:#ce5c00;font-weight:bold">(&lt;/span>ECDSA&lt;span style="color:#ce5c00;font-weight:bold">)&lt;/span> to the list of known hosts.
&lt;/span>&lt;/span>&lt;span style="display:flex;">&lt;span>Welcome to Ubuntu 18.04.4 LTS &lt;span style="color:#ce5c00;font-weight:bold">(&lt;/span>GNU/Linux 4.15.0-109-generic x86_64&lt;span style="color:#ce5c00;font-weight:bold">)&lt;/span>
&lt;/span>&lt;/span>&lt;span style="display:flex;">&lt;span>
&lt;/span>&lt;/span>&lt;span style="display:flex;">&lt;span> * Documentation: https://help.ubuntu.com
&lt;/span>&lt;/span>&lt;span style="display:flex;">&lt;span> * Management: https://landscape.canonical.com
&lt;/span>&lt;/span>&lt;span style="display:flex;">&lt;span> * Support: https://ubuntu.com/advantage
&lt;/span>&lt;/span>&lt;span style="display:flex;">&lt;span>
&lt;/span>&lt;/span>&lt;span style="display:flex;">&lt;span> * Kubernetes 1.19 is out! Get it in one &lt;span style="color:#204a87">command&lt;/span> with:
&lt;/span>&lt;/span>&lt;span style="display:flex;">&lt;span>
&lt;/span>&lt;/span>&lt;span style="display:flex;">&lt;span> sudo snap install microk8s --channel&lt;span style="color:#ce5c00;font-weight:bold">=&lt;/span>1.19 --classic
&lt;/span>&lt;/span>&lt;span style="display:flex;">&lt;span>
&lt;/span>&lt;/span>&lt;span style="display:flex;">&lt;span> https://microk8s.io/ has docs and details.
&lt;/span>&lt;/span>&lt;span style="display:flex;">&lt;span>
&lt;/span>&lt;/span>&lt;span style="display:flex;">&lt;span> * Canonical Livepatch is available &lt;span style="color:#204a87;font-weight:bold">for&lt;/span> installation.
&lt;/span>&lt;/span>&lt;span style="display:flex;">&lt;span> - Reduce system reboots and improve kernel security. Activate at:
&lt;/span>&lt;/span>&lt;span style="display:flex;">&lt;span> https://ubuntu.com/livepatch
&lt;/span>&lt;/span>&lt;span style="display:flex;">&lt;span>Last login: Wed Sep &lt;span style="color:#0000cf;font-weight:bold">16&lt;/span> 14:35:35 &lt;span style="color:#0000cf;font-weight:bold">2020&lt;/span> from 158.42.104.204
&lt;/span>&lt;/span>&lt;span style="display:flex;">&lt;span>$ bash
&lt;/span>&lt;/span>&lt;span style="display:flex;">&lt;span>cloudadm@kubeserver:~$
&lt;/span>&lt;/span>&lt;/code>&lt;/pre>&lt;/div>&lt;p>You can interact with the kubernetes cluster with the &lt;code>kubectl&lt;/code> command:&lt;/p>
&lt;div class="highlight">&lt;pre tabindex="0" style="background-color:#f8f8f8;-moz-tab-size:4;-o-tab-size:4;tab-size:4;">&lt;code class="language-shell" data-lang="shell">&lt;span style="display:flex;">&lt;span>cloudadm@kubeserver:~$ sudo kubectl get nodes
&lt;/span>&lt;/span>&lt;span style="display:flex;">&lt;span>NAME STATUS ROLES AGE VERSION
&lt;/span>&lt;/span>&lt;span style="display:flex;">&lt;span>kubeserver.localdomain Ready master 23h v1.18.3
&lt;/span>&lt;/span>&lt;/code>&lt;/pre>&lt;/div>&lt;p>The cluster will only have one node (the master) and will start new nodes as you
create pods. Alternatively you can poweron nodes manually:&lt;/p>
&lt;!-- markdownlint-disable line-length -->
&lt;div class="highlight">&lt;pre tabindex="0" style="background-color:#f8f8f8;-moz-tab-size:4;-o-tab-size:4;tab-size:4;">&lt;code class="language-shell" data-lang="shell">&lt;span style="display:flex;">&lt;span>cloudadm@kubeserver:~$ clues status
&lt;/span>&lt;/span>&lt;span style="display:flex;">&lt;span>node state enabled &lt;span style="color:#204a87">time&lt;/span> stable &lt;span style="color:#ce5c00;font-weight:bold">(&lt;/span>cpu,mem&lt;span style="color:#ce5c00;font-weight:bold">)&lt;/span> used &lt;span style="color:#ce5c00;font-weight:bold">(&lt;/span>cpu,mem&lt;span style="color:#ce5c00;font-weight:bold">)&lt;/span> total
&lt;/span>&lt;/span>&lt;span style="display:flex;">&lt;span>-----------------------------------------------------------------------------------------------
&lt;/span>&lt;/span>&lt;span style="display:flex;">&lt;span>wn1.localdomain off enabled 00h32&lt;span style="color:#4e9a06">&amp;#39;22&amp;#34; 0,0 1,1073741824
&lt;/span>&lt;/span>&lt;/span>&lt;span style="display:flex;">&lt;span>&lt;span style="color:#4e9a06">wn2.localdomain off enabled 00h32&amp;#39;&lt;/span>22&lt;span style="color:#4e9a06">&amp;#34; 0,0 1,1073741824
&lt;/span>&lt;/span>&lt;/span>&lt;span style="display:flex;">&lt;span>&lt;span style="color:#4e9a06">wn3.localdomain off enabled 00h32&amp;#39;22&amp;#34;&lt;/span> 0,0 1,1073741824
&lt;/span>&lt;/span>&lt;span style="display:flex;">&lt;span>wn4.localdomain off enabled 00h32&lt;span style="color:#4e9a06">&amp;#39;22&amp;#34; 0,0 1,1073741824
&lt;/span>&lt;/span>&lt;/span>&lt;span style="display:flex;">&lt;span>&lt;span style="color:#4e9a06">wn5.localdomain off enabled 00h32&amp;#39;&lt;/span>22&lt;span style="color:#4e9a06">&amp;#34; 0,0 1,1073741824
&lt;/span>&lt;/span>&lt;/span>&lt;span style="display:flex;">&lt;span>&lt;span style="color:#4e9a06">cloudadm@kubeserver:~&lt;/span>$&lt;span style="color:#4e9a06"> clues poweron wn1.localdomain
&lt;/span>&lt;/span>&lt;/span>&lt;span style="display:flex;">&lt;span>&lt;span style="color:#4e9a06">node wn1.localdomain powered on
&lt;/span>&lt;/span>&lt;/span>&lt;span style="display:flex;">&lt;span>&lt;span style="color:#4e9a06">cloudadm@kubeserver:~&lt;/span>$&lt;span style="color:#4e9a06"> sudo kubectl get nodes
&lt;/span>&lt;/span>&lt;/span>&lt;span style="display:flex;">&lt;span>&lt;span style="color:#4e9a06">NAME STATUS ROLES AGE VERSION
&lt;/span>&lt;/span>&lt;/span>&lt;span style="display:flex;">&lt;span>&lt;span style="color:#4e9a06">kubeserver.localdomain Ready master 24h v1.18.3
&lt;/span>&lt;/span>&lt;/span>&lt;span style="display:flex;">&lt;span>&lt;span style="color:#4e9a06">wn1.localdomain Ready &amp;lt;none&amp;gt; 6m49s v1.18.3
&lt;/span>&lt;/span>&lt;/span>&lt;/code>&lt;/pre>&lt;/div>&lt;!-- markdownlint-enable line-length -->
&lt;h2 id="exposing-services-outside-the-cluster">Exposing services outside the cluster&lt;/h2>
&lt;p>Kubernetes uses
&lt;a href="https://kubernetes.io/docs/concepts/services-networking/service/">services&lt;/a> for
exposing an applications via the network. The services can rely on Load
Balancers supported at the underlying cloud provider, which is not always
feasible on the EGI Cloud providers. As an alternative solution we use an
&lt;a href="https://kubernetes.io/docs/concepts/services-networking/ingress/">ingress controller&lt;/a>
which allows us to expose services using rules based on hostnames.&lt;/p>
&lt;p>Helm allows you to quickly install the
&lt;a href="https://github.com/kubernetes/ingress-nginx/">nginx based ingress&lt;/a>. Add the
helm repos:&lt;/p>
&lt;div class="highlight">&lt;pre tabindex="0" style="background-color:#f8f8f8;-moz-tab-size:4;-o-tab-size:4;tab-size:4;">&lt;code class="language-shell" data-lang="shell">&lt;span style="display:flex;">&lt;span>cloudadm@kubeserver:~$ sudo helm repo add ingress-nginx https://kubernetes.github.io/ingress-nginx
&lt;/span>&lt;/span>&lt;span style="display:flex;">&lt;span>cloudadm@kubeserver:~$ sudo helm repo add stable https://kubernetes-charts.storage.googleapis.com/
&lt;/span>&lt;/span>&lt;span style="display:flex;">&lt;span>cloudadm@kubeserver:~$ sudo helm repo update
&lt;/span>&lt;/span>&lt;/code>&lt;/pre>&lt;/div>&lt;p>Create a configuration file (&lt;code>ingress.yaml&lt;/code>), get the externalIP using
&lt;code>ip addr&lt;/code>:&lt;/p>
&lt;div class="highlight">&lt;pre tabindex="0" style="background-color:#f8f8f8;-moz-tab-size:4;-o-tab-size:4;tab-size:4;">&lt;code class="language-yaml" data-lang="yaml">&lt;span style="display:flex;">&lt;span>&lt;span style="color:#204a87;font-weight:bold">controller&lt;/span>&lt;span style="color:#000;font-weight:bold">:&lt;/span>&lt;span style="color:#f8f8f8;text-decoration:underline">
&lt;/span>&lt;/span>&lt;/span>&lt;span style="display:flex;">&lt;span>&lt;span style="color:#f8f8f8;text-decoration:underline"> &lt;/span>&lt;span style="color:#204a87;font-weight:bold">tolerations&lt;/span>&lt;span style="color:#000;font-weight:bold">:&lt;/span>&lt;span style="color:#f8f8f8;text-decoration:underline">
&lt;/span>&lt;/span>&lt;/span>&lt;span style="display:flex;">&lt;span>&lt;span style="color:#f8f8f8;text-decoration:underline"> &lt;/span>- &lt;span style="color:#204a87;font-weight:bold">effect&lt;/span>&lt;span style="color:#000;font-weight:bold">:&lt;/span>&lt;span style="color:#f8f8f8;text-decoration:underline"> &lt;/span>&lt;span style="color:#000">NoSchedule&lt;/span>&lt;span style="color:#f8f8f8;text-decoration:underline">
&lt;/span>&lt;/span>&lt;/span>&lt;span style="display:flex;">&lt;span>&lt;span style="color:#f8f8f8;text-decoration:underline"> &lt;/span>&lt;span style="color:#204a87;font-weight:bold">key&lt;/span>&lt;span style="color:#000;font-weight:bold">:&lt;/span>&lt;span style="color:#f8f8f8;text-decoration:underline"> &lt;/span>&lt;span style="color:#000">node-role.kubernetes.io/master&lt;/span>&lt;span style="color:#f8f8f8;text-decoration:underline">
&lt;/span>&lt;/span>&lt;/span>&lt;span style="display:flex;">&lt;span>&lt;span style="color:#f8f8f8;text-decoration:underline"> &lt;/span>&lt;span style="color:#204a87;font-weight:bold">service&lt;/span>&lt;span style="color:#000;font-weight:bold">:&lt;/span>&lt;span style="color:#f8f8f8;text-decoration:underline">
&lt;/span>&lt;/span>&lt;/span>&lt;span style="display:flex;">&lt;span>&lt;span style="color:#f8f8f8;text-decoration:underline"> &lt;/span>&lt;span style="color:#204a87;font-weight:bold">type&lt;/span>&lt;span style="color:#000;font-weight:bold">:&lt;/span>&lt;span style="color:#f8f8f8;text-decoration:underline"> &lt;/span>&lt;span style="color:#000">NodePort&lt;/span>&lt;span style="color:#f8f8f8;text-decoration:underline">
&lt;/span>&lt;/span>&lt;/span>&lt;span style="display:flex;">&lt;span>&lt;span style="color:#f8f8f8;text-decoration:underline"> &lt;/span>&lt;span style="color:#204a87;font-weight:bold">externalIPs&lt;/span>&lt;span style="color:#000;font-weight:bold">:&lt;/span>&lt;span style="color:#f8f8f8;text-decoration:underline">
&lt;/span>&lt;/span>&lt;/span>&lt;span style="display:flex;">&lt;span>&lt;span style="color:#f8f8f8;text-decoration:underline"> &lt;/span>- &lt;span style="color:#0000cf;font-weight:bold">192.168.10.3&lt;/span>&lt;span style="color:#f8f8f8;text-decoration:underline">
&lt;/span>&lt;/span>&lt;/span>&lt;span style="display:flex;">&lt;span>&lt;span style="color:#f8f8f8;text-decoration:underline">&lt;/span>&lt;span style="color:#204a87;font-weight:bold">defaultBackend&lt;/span>&lt;span style="color:#000;font-weight:bold">:&lt;/span>&lt;span style="color:#f8f8f8;text-decoration:underline">
&lt;/span>&lt;/span>&lt;/span>&lt;span style="display:flex;">&lt;span>&lt;span style="color:#f8f8f8;text-decoration:underline"> &lt;/span>&lt;span style="color:#204a87;font-weight:bold">tolerations&lt;/span>&lt;span style="color:#000;font-weight:bold">:&lt;/span>&lt;span style="color:#f8f8f8;text-decoration:underline">
&lt;/span>&lt;/span>&lt;/span>&lt;span style="display:flex;">&lt;span>&lt;span style="color:#f8f8f8;text-decoration:underline"> &lt;/span>- &lt;span style="color:#204a87;font-weight:bold">effect&lt;/span>&lt;span style="color:#000;font-weight:bold">:&lt;/span>&lt;span style="color:#f8f8f8;text-decoration:underline"> &lt;/span>&lt;span style="color:#000">NoSchedule&lt;/span>&lt;span style="color:#f8f8f8;text-decoration:underline">
&lt;/span>&lt;/span>&lt;/span>&lt;span style="display:flex;">&lt;span>&lt;span style="color:#f8f8f8;text-decoration:underline"> &lt;/span>&lt;span style="color:#204a87;font-weight:bold">key&lt;/span>&lt;span style="color:#000;font-weight:bold">:&lt;/span>&lt;span style="color:#f8f8f8;text-decoration:underline"> &lt;/span>&lt;span style="color:#000">node-role.kubernetes.io/master&lt;/span>&lt;span style="color:#f8f8f8;text-decoration:underline">
&lt;/span>&lt;/span>&lt;/span>&lt;/code>&lt;/pre>&lt;/div>&lt;p>and install:&lt;/p>
&lt;div class="highlight">&lt;pre tabindex="0" style="background-color:#f8f8f8;-moz-tab-size:4;-o-tab-size:4;tab-size:4;">&lt;code class="language-shell" data-lang="shell">&lt;span style="display:flex;">&lt;span>cloudadm@kubeserver:~$ sudo helm install ingress -n kube-system -f ingress.yaml ingress-nginx/ingress-nginx
&lt;/span>&lt;/span>&lt;/code>&lt;/pre>&lt;/div>&lt;p>Now you are ready to expose your services using a valid hostname. Use the
&lt;a href="../../cloud-compute/dynamic-dns">Dynamic DNS service&lt;/a> for getting
hostnames if you need. Assign as IP the public IP of the master node. Once you
have a hostname assigned to the master IP, the ingress will be able to reply to
requests already:&lt;/p>
&lt;div class="highlight">&lt;pre tabindex="0" style="background-color:#f8f8f8;-moz-tab-size:4;-o-tab-size:4;tab-size:4;">&lt;code class="language-shell" data-lang="shell">&lt;span style="display:flex;">&lt;span>$ curl ingress.test.fedcloud.eu
&lt;/span>&lt;/span>&lt;span style="display:flex;">&lt;span>&amp;lt;html&amp;gt;
&lt;/span>&lt;/span>&lt;span style="display:flex;">&lt;span>&amp;lt;head&amp;gt;&amp;lt;title&amp;gt;404 Not Found&amp;lt;/title&amp;gt;&amp;lt;/head&amp;gt;
&lt;/span>&lt;/span>&lt;span style="display:flex;">&lt;span>&amp;lt;body&amp;gt;
&lt;/span>&lt;/span>&lt;span style="display:flex;">&lt;span>&amp;lt;center&amp;gt;&amp;lt;h1&amp;gt;404 Not Found&amp;lt;/h1&amp;gt;&amp;lt;/center&amp;gt;
&lt;/span>&lt;/span>&lt;span style="display:flex;">&lt;span>&amp;lt;hr&amp;gt;&amp;lt;center&amp;gt;nginx/1.19.2&amp;lt;/center&amp;gt;
&lt;/span>&lt;/span>&lt;span style="display:flex;">&lt;span>&amp;lt;/body&amp;gt;
&lt;/span>&lt;/span>&lt;span style="display:flex;">&lt;span>&amp;lt;/html&amp;gt;
&lt;/span>&lt;/span>&lt;/code>&lt;/pre>&lt;/div>&lt;p>The following example yaml creates a service and exposes at that
ingress.test.fedcloud.eu host:&lt;/p>
&lt;div class="highlight">&lt;pre tabindex="0" style="background-color:#f8f8f8;-moz-tab-size:4;-o-tab-size:4;tab-size:4;">&lt;code class="language-yaml" data-lang="yaml">&lt;span style="display:flex;">&lt;span>&lt;span style="color:#204a87;font-weight:bold">apiVersion&lt;/span>&lt;span style="color:#000;font-weight:bold">:&lt;/span>&lt;span style="color:#f8f8f8;text-decoration:underline"> &lt;/span>&lt;span style="color:#000">apps/v1&lt;/span>&lt;span style="color:#f8f8f8;text-decoration:underline">
&lt;/span>&lt;/span>&lt;/span>&lt;span style="display:flex;">&lt;span>&lt;span style="color:#f8f8f8;text-decoration:underline">&lt;/span>&lt;span style="color:#204a87;font-weight:bold">kind&lt;/span>&lt;span style="color:#000;font-weight:bold">:&lt;/span>&lt;span style="color:#f8f8f8;text-decoration:underline"> &lt;/span>&lt;span style="color:#000">Deployment&lt;/span>&lt;span style="color:#f8f8f8;text-decoration:underline">
&lt;/span>&lt;/span>&lt;/span>&lt;span style="display:flex;">&lt;span>&lt;span style="color:#f8f8f8;text-decoration:underline">&lt;/span>&lt;span style="color:#204a87;font-weight:bold">metadata&lt;/span>&lt;span style="color:#000;font-weight:bold">:&lt;/span>&lt;span style="color:#f8f8f8;text-decoration:underline">
&lt;/span>&lt;/span>&lt;/span>&lt;span style="display:flex;">&lt;span>&lt;span style="color:#f8f8f8;text-decoration:underline"> &lt;/span>&lt;span style="color:#204a87;font-weight:bold">name&lt;/span>&lt;span style="color:#000;font-weight:bold">:&lt;/span>&lt;span style="color:#f8f8f8;text-decoration:underline"> &lt;/span>&lt;span style="color:#000">nginx-deployment&lt;/span>&lt;span style="color:#f8f8f8;text-decoration:underline">
&lt;/span>&lt;/span>&lt;/span>&lt;span style="display:flex;">&lt;span>&lt;span style="color:#f8f8f8;text-decoration:underline">&lt;/span>&lt;span style="color:#204a87;font-weight:bold">spec&lt;/span>&lt;span style="color:#000;font-weight:bold">:&lt;/span>&lt;span style="color:#f8f8f8;text-decoration:underline">
&lt;/span>&lt;/span>&lt;/span>&lt;span style="display:flex;">&lt;span>&lt;span style="color:#f8f8f8;text-decoration:underline"> &lt;/span>&lt;span style="color:#204a87;font-weight:bold">selector&lt;/span>&lt;span style="color:#000;font-weight:bold">:&lt;/span>&lt;span style="color:#f8f8f8;text-decoration:underline">
&lt;/span>&lt;/span>&lt;/span>&lt;span style="display:flex;">&lt;span>&lt;span style="color:#f8f8f8;text-decoration:underline"> &lt;/span>&lt;span style="color:#204a87;font-weight:bold">matchLabels&lt;/span>&lt;span style="color:#000;font-weight:bold">:&lt;/span>&lt;span style="color:#f8f8f8;text-decoration:underline">
&lt;/span>&lt;/span>&lt;/span>&lt;span style="display:flex;">&lt;span>&lt;span style="color:#f8f8f8;text-decoration:underline"> &lt;/span>&lt;span style="color:#204a87;font-weight:bold">app&lt;/span>&lt;span style="color:#000;font-weight:bold">:&lt;/span>&lt;span style="color:#f8f8f8;text-decoration:underline"> &lt;/span>&lt;span style="color:#000">nginx&lt;/span>&lt;span style="color:#f8f8f8;text-decoration:underline">
&lt;/span>&lt;/span>&lt;/span>&lt;span style="display:flex;">&lt;span>&lt;span style="color:#f8f8f8;text-decoration:underline"> &lt;/span>&lt;span style="color:#204a87;font-weight:bold">replicas&lt;/span>&lt;span style="color:#000;font-weight:bold">:&lt;/span>&lt;span style="color:#f8f8f8;text-decoration:underline"> &lt;/span>&lt;span style="color:#0000cf;font-weight:bold">1&lt;/span>&lt;span style="color:#f8f8f8;text-decoration:underline">
&lt;/span>&lt;/span>&lt;/span>&lt;span style="display:flex;">&lt;span>&lt;span style="color:#f8f8f8;text-decoration:underline"> &lt;/span>&lt;span style="color:#204a87;font-weight:bold">template&lt;/span>&lt;span style="color:#000;font-weight:bold">:&lt;/span>&lt;span style="color:#f8f8f8;text-decoration:underline">
&lt;/span>&lt;/span>&lt;/span>&lt;span style="display:flex;">&lt;span>&lt;span style="color:#f8f8f8;text-decoration:underline"> &lt;/span>&lt;span style="color:#204a87;font-weight:bold">metadata&lt;/span>&lt;span style="color:#000;font-weight:bold">:&lt;/span>&lt;span style="color:#f8f8f8;text-decoration:underline">
&lt;/span>&lt;/span>&lt;/span>&lt;span style="display:flex;">&lt;span>&lt;span style="color:#f8f8f8;text-decoration:underline"> &lt;/span>&lt;span style="color:#204a87;font-weight:bold">labels&lt;/span>&lt;span style="color:#000;font-weight:bold">:&lt;/span>&lt;span style="color:#f8f8f8;text-decoration:underline">
&lt;/span>&lt;/span>&lt;/span>&lt;span style="display:flex;">&lt;span>&lt;span style="color:#f8f8f8;text-decoration:underline"> &lt;/span>&lt;span style="color:#204a87;font-weight:bold">app&lt;/span>&lt;span style="color:#000;font-weight:bold">:&lt;/span>&lt;span style="color:#f8f8f8;text-decoration:underline"> &lt;/span>&lt;span style="color:#000">nginx&lt;/span>&lt;span style="color:#f8f8f8;text-decoration:underline">
&lt;/span>&lt;/span>&lt;/span>&lt;span style="display:flex;">&lt;span>&lt;span style="color:#f8f8f8;text-decoration:underline"> &lt;/span>&lt;span style="color:#204a87;font-weight:bold">spec&lt;/span>&lt;span style="color:#000;font-weight:bold">:&lt;/span>&lt;span style="color:#f8f8f8;text-decoration:underline">
&lt;/span>&lt;/span>&lt;/span>&lt;span style="display:flex;">&lt;span>&lt;span style="color:#f8f8f8;text-decoration:underline"> &lt;/span>&lt;span style="color:#204a87;font-weight:bold">containers&lt;/span>&lt;span style="color:#000;font-weight:bold">:&lt;/span>&lt;span style="color:#f8f8f8;text-decoration:underline">
&lt;/span>&lt;/span>&lt;/span>&lt;span style="display:flex;">&lt;span>&lt;span style="color:#f8f8f8;text-decoration:underline"> &lt;/span>- &lt;span style="color:#204a87;font-weight:bold">name&lt;/span>&lt;span style="color:#000;font-weight:bold">:&lt;/span>&lt;span style="color:#f8f8f8;text-decoration:underline"> &lt;/span>&lt;span style="color:#000">nginx&lt;/span>&lt;span style="color:#f8f8f8;text-decoration:underline">
&lt;/span>&lt;/span>&lt;/span>&lt;span style="display:flex;">&lt;span>&lt;span style="color:#f8f8f8;text-decoration:underline"> &lt;/span>&lt;span style="color:#204a87;font-weight:bold">image&lt;/span>&lt;span style="color:#000;font-weight:bold">:&lt;/span>&lt;span style="color:#f8f8f8;text-decoration:underline"> &lt;/span>&lt;span style="color:#000">nginx:1.14.2&lt;/span>&lt;span style="color:#f8f8f8;text-decoration:underline">
&lt;/span>&lt;/span>&lt;/span>&lt;span style="display:flex;">&lt;span>&lt;span style="color:#f8f8f8;text-decoration:underline"> &lt;/span>&lt;span style="color:#204a87;font-weight:bold">ports&lt;/span>&lt;span style="color:#000;font-weight:bold">:&lt;/span>&lt;span style="color:#f8f8f8;text-decoration:underline">
&lt;/span>&lt;/span>&lt;/span>&lt;span style="display:flex;">&lt;span>&lt;span style="color:#f8f8f8;text-decoration:underline"> &lt;/span>- &lt;span style="color:#204a87;font-weight:bold">containerPort&lt;/span>&lt;span style="color:#000;font-weight:bold">:&lt;/span>&lt;span style="color:#f8f8f8;text-decoration:underline"> &lt;/span>&lt;span style="color:#0000cf;font-weight:bold">80&lt;/span>&lt;span style="color:#f8f8f8;text-decoration:underline">
&lt;/span>&lt;/span>&lt;/span>&lt;span style="display:flex;">&lt;span>&lt;span style="color:#f8f8f8;text-decoration:underline">&lt;/span>&lt;span style="color:#000">---&lt;/span>&lt;span style="color:#f8f8f8;text-decoration:underline">
&lt;/span>&lt;/span>&lt;/span>&lt;span style="display:flex;">&lt;span>&lt;span style="color:#f8f8f8;text-decoration:underline">&lt;/span>&lt;span style="color:#204a87;font-weight:bold">apiVersion&lt;/span>&lt;span style="color:#000;font-weight:bold">:&lt;/span>&lt;span style="color:#f8f8f8;text-decoration:underline"> &lt;/span>&lt;span style="color:#000">v1&lt;/span>&lt;span style="color:#f8f8f8;text-decoration:underline">
&lt;/span>&lt;/span>&lt;/span>&lt;span style="display:flex;">&lt;span>&lt;span style="color:#f8f8f8;text-decoration:underline">&lt;/span>&lt;span style="color:#204a87;font-weight:bold">kind&lt;/span>&lt;span style="color:#000;font-weight:bold">:&lt;/span>&lt;span style="color:#f8f8f8;text-decoration:underline"> &lt;/span>&lt;span style="color:#000">Service&lt;/span>&lt;span style="color:#f8f8f8;text-decoration:underline">
&lt;/span>&lt;/span>&lt;/span>&lt;span style="display:flex;">&lt;span>&lt;span style="color:#f8f8f8;text-decoration:underline">&lt;/span>&lt;span style="color:#204a87;font-weight:bold">metadata&lt;/span>&lt;span style="color:#000;font-weight:bold">:&lt;/span>&lt;span style="color:#f8f8f8;text-decoration:underline">
&lt;/span>&lt;/span>&lt;/span>&lt;span style="display:flex;">&lt;span>&lt;span style="color:#f8f8f8;text-decoration:underline"> &lt;/span>&lt;span style="color:#204a87;font-weight:bold">name&lt;/span>&lt;span style="color:#000;font-weight:bold">:&lt;/span>&lt;span style="color:#f8f8f8;text-decoration:underline"> &lt;/span>&lt;span style="color:#000">my-nginx&lt;/span>&lt;span style="color:#f8f8f8;text-decoration:underline">
&lt;/span>&lt;/span>&lt;/span>&lt;span style="display:flex;">&lt;span>&lt;span style="color:#f8f8f8;text-decoration:underline"> &lt;/span>&lt;span style="color:#204a87;font-weight:bold">labels&lt;/span>&lt;span style="color:#000;font-weight:bold">:&lt;/span>&lt;span style="color:#f8f8f8;text-decoration:underline">
&lt;/span>&lt;/span>&lt;/span>&lt;span style="display:flex;">&lt;span>&lt;span style="color:#f8f8f8;text-decoration:underline"> &lt;/span>&lt;span style="color:#204a87;font-weight:bold">app&lt;/span>&lt;span style="color:#000;font-weight:bold">:&lt;/span>&lt;span style="color:#f8f8f8;text-decoration:underline"> &lt;/span>&lt;span style="color:#000">nginx&lt;/span>&lt;span style="color:#f8f8f8;text-decoration:underline">
&lt;/span>&lt;/span>&lt;/span>&lt;span style="display:flex;">&lt;span>&lt;span style="color:#f8f8f8;text-decoration:underline">&lt;/span>&lt;span style="color:#204a87;font-weight:bold">spec&lt;/span>&lt;span style="color:#000;font-weight:bold">:&lt;/span>&lt;span style="color:#f8f8f8;text-decoration:underline">
&lt;/span>&lt;/span>&lt;/span>&lt;span style="display:flex;">&lt;span>&lt;span style="color:#f8f8f8;text-decoration:underline"> &lt;/span>&lt;span style="color:#204a87;font-weight:bold">ports&lt;/span>&lt;span style="color:#000;font-weight:bold">:&lt;/span>&lt;span style="color:#f8f8f8;text-decoration:underline">
&lt;/span>&lt;/span>&lt;/span>&lt;span style="display:flex;">&lt;span>&lt;span style="color:#f8f8f8;text-decoration:underline"> &lt;/span>- &lt;span style="color:#204a87;font-weight:bold">port&lt;/span>&lt;span style="color:#000;font-weight:bold">:&lt;/span>&lt;span style="color:#f8f8f8;text-decoration:underline"> &lt;/span>&lt;span style="color:#0000cf;font-weight:bold">80&lt;/span>&lt;span style="color:#f8f8f8;text-decoration:underline">
&lt;/span>&lt;/span>&lt;/span>&lt;span style="display:flex;">&lt;span>&lt;span style="color:#f8f8f8;text-decoration:underline"> &lt;/span>&lt;span style="color:#204a87;font-weight:bold">protocol&lt;/span>&lt;span style="color:#000;font-weight:bold">:&lt;/span>&lt;span style="color:#f8f8f8;text-decoration:underline"> &lt;/span>&lt;span style="color:#000">TCP&lt;/span>&lt;span style="color:#f8f8f8;text-decoration:underline">
&lt;/span>&lt;/span>&lt;/span>&lt;span style="display:flex;">&lt;span>&lt;span style="color:#f8f8f8;text-decoration:underline"> &lt;/span>&lt;span style="color:#204a87;font-weight:bold">selector&lt;/span>&lt;span style="color:#000;font-weight:bold">:&lt;/span>&lt;span style="color:#f8f8f8;text-decoration:underline">
&lt;/span>&lt;/span>&lt;/span>&lt;span style="display:flex;">&lt;span>&lt;span style="color:#f8f8f8;text-decoration:underline"> &lt;/span>&lt;span style="color:#204a87;font-weight:bold">app&lt;/span>&lt;span style="color:#000;font-weight:bold">:&lt;/span>&lt;span style="color:#f8f8f8;text-decoration:underline"> &lt;/span>&lt;span style="color:#000">nginx&lt;/span>&lt;span style="color:#f8f8f8;text-decoration:underline">
&lt;/span>&lt;/span>&lt;/span>&lt;span style="display:flex;">&lt;span>&lt;span style="color:#f8f8f8;text-decoration:underline">&lt;/span>&lt;span style="color:#000">---&lt;/span>&lt;span style="color:#f8f8f8;text-decoration:underline">
&lt;/span>&lt;/span>&lt;/span>&lt;span style="display:flex;">&lt;span>&lt;span style="color:#f8f8f8;text-decoration:underline">&lt;/span>&lt;span style="color:#204a87;font-weight:bold">apiVersion&lt;/span>&lt;span style="color:#000;font-weight:bold">:&lt;/span>&lt;span style="color:#f8f8f8;text-decoration:underline"> &lt;/span>&lt;span style="color:#000">networking.k8s.io/v1beta1&lt;/span>&lt;span style="color:#f8f8f8;text-decoration:underline">
&lt;/span>&lt;/span>&lt;/span>&lt;span style="display:flex;">&lt;span>&lt;span style="color:#f8f8f8;text-decoration:underline">&lt;/span>&lt;span style="color:#204a87;font-weight:bold">kind&lt;/span>&lt;span style="color:#000;font-weight:bold">:&lt;/span>&lt;span style="color:#f8f8f8;text-decoration:underline"> &lt;/span>&lt;span style="color:#000">Ingress&lt;/span>&lt;span style="color:#f8f8f8;text-decoration:underline">
&lt;/span>&lt;/span>&lt;/span>&lt;span style="display:flex;">&lt;span>&lt;span style="color:#f8f8f8;text-decoration:underline">&lt;/span>&lt;span style="color:#204a87;font-weight:bold">metadata&lt;/span>&lt;span style="color:#000;font-weight:bold">:&lt;/span>&lt;span style="color:#f8f8f8;text-decoration:underline">
&lt;/span>&lt;/span>&lt;/span>&lt;span style="display:flex;">&lt;span>&lt;span style="color:#f8f8f8;text-decoration:underline"> &lt;/span>&lt;span style="color:#204a87;font-weight:bold">name&lt;/span>&lt;span style="color:#000;font-weight:bold">:&lt;/span>&lt;span style="color:#f8f8f8;text-decoration:underline"> &lt;/span>&lt;span style="color:#000">ingress-test&lt;/span>&lt;span style="color:#f8f8f8;text-decoration:underline">
&lt;/span>&lt;/span>&lt;/span>&lt;span style="display:flex;">&lt;span>&lt;span style="color:#f8f8f8;text-decoration:underline">&lt;/span>&lt;span style="color:#204a87;font-weight:bold">spec&lt;/span>&lt;span style="color:#000;font-weight:bold">:&lt;/span>&lt;span style="color:#f8f8f8;text-decoration:underline">
&lt;/span>&lt;/span>&lt;/span>&lt;span style="display:flex;">&lt;span>&lt;span style="color:#f8f8f8;text-decoration:underline"> &lt;/span>&lt;span style="color:#204a87;font-weight:bold">rules&lt;/span>&lt;span style="color:#000;font-weight:bold">:&lt;/span>&lt;span style="color:#f8f8f8;text-decoration:underline">
&lt;/span>&lt;/span>&lt;/span>&lt;span style="display:flex;">&lt;span>&lt;span style="color:#f8f8f8;text-decoration:underline"> &lt;/span>- &lt;span style="color:#204a87;font-weight:bold">host&lt;/span>&lt;span style="color:#000;font-weight:bold">:&lt;/span>&lt;span style="color:#f8f8f8;text-decoration:underline"> &lt;/span>&lt;span style="color:#000">ingress.test.fedcloud.eu&lt;/span>&lt;span style="color:#f8f8f8;text-decoration:underline">
&lt;/span>&lt;/span>&lt;/span>&lt;span style="display:flex;">&lt;span>&lt;span style="color:#f8f8f8;text-decoration:underline"> &lt;/span>&lt;span style="color:#204a87;font-weight:bold">http&lt;/span>&lt;span style="color:#000;font-weight:bold">:&lt;/span>&lt;span style="color:#f8f8f8;text-decoration:underline">
&lt;/span>&lt;/span>&lt;/span>&lt;span style="display:flex;">&lt;span>&lt;span style="color:#f8f8f8;text-decoration:underline"> &lt;/span>&lt;span style="color:#204a87;font-weight:bold">paths&lt;/span>&lt;span style="color:#000;font-weight:bold">:&lt;/span>&lt;span style="color:#f8f8f8;text-decoration:underline">
&lt;/span>&lt;/span>&lt;/span>&lt;span style="display:flex;">&lt;span>&lt;span style="color:#f8f8f8;text-decoration:underline"> &lt;/span>- &lt;span style="color:#204a87;font-weight:bold">pathType&lt;/span>&lt;span style="color:#000;font-weight:bold">:&lt;/span>&lt;span style="color:#f8f8f8;text-decoration:underline"> &lt;/span>&lt;span style="color:#000">Prefix&lt;/span>&lt;span style="color:#f8f8f8;text-decoration:underline">
&lt;/span>&lt;/span>&lt;/span>&lt;span style="display:flex;">&lt;span>&lt;span style="color:#f8f8f8;text-decoration:underline"> &lt;/span>&lt;span style="color:#204a87;font-weight:bold">path&lt;/span>&lt;span style="color:#000;font-weight:bold">:&lt;/span>&lt;span style="color:#f8f8f8;text-decoration:underline"> &lt;/span>&lt;span style="color:#4e9a06">&amp;#34;/&amp;#34;&lt;/span>&lt;span style="color:#f8f8f8;text-decoration:underline">
&lt;/span>&lt;/span>&lt;/span>&lt;span style="display:flex;">&lt;span>&lt;span style="color:#f8f8f8;text-decoration:underline"> &lt;/span>&lt;span style="color:#204a87;font-weight:bold">backend&lt;/span>&lt;span style="color:#000;font-weight:bold">:&lt;/span>&lt;span style="color:#f8f8f8;text-decoration:underline">
&lt;/span>&lt;/span>&lt;/span>&lt;span style="display:flex;">&lt;span>&lt;span style="color:#f8f8f8;text-decoration:underline"> &lt;/span>&lt;span style="color:#204a87;font-weight:bold">serviceName&lt;/span>&lt;span style="color:#000;font-weight:bold">:&lt;/span>&lt;span style="color:#f8f8f8;text-decoration:underline"> &lt;/span>&lt;span style="color:#000">my-nginx&lt;/span>&lt;span style="color:#f8f8f8;text-decoration:underline">
&lt;/span>&lt;/span>&lt;/span>&lt;span style="display:flex;">&lt;span>&lt;span style="color:#f8f8f8;text-decoration:underline"> &lt;/span>&lt;span style="color:#204a87;font-weight:bold">servicePort&lt;/span>&lt;span style="color:#000;font-weight:bold">:&lt;/span>&lt;span style="color:#f8f8f8;text-decoration:underline"> &lt;/span>&lt;span style="color:#0000cf;font-weight:bold">80&lt;/span>&lt;span style="color:#f8f8f8;text-decoration:underline">
&lt;/span>&lt;/span>&lt;/span>&lt;/code>&lt;/pre>&lt;/div>&lt;p>Now the ingress will redirect request to the NGINX pod that we have just
created:&lt;/p>
&lt;div class="highlight">&lt;pre tabindex="0" style="background-color:#f8f8f8;-moz-tab-size:4;-o-tab-size:4;tab-size:4;">&lt;code class="language-shell" data-lang="shell">&lt;span style="display:flex;">&lt;span>$ curl ingress.test.fedcloud.eu
&lt;/span>&lt;/span>&lt;span style="display:flex;">&lt;span>&amp;lt;!DOCTYPE html&amp;gt;
&lt;/span>&lt;/span>&lt;span style="display:flex;">&lt;span>&amp;lt;html&amp;gt;
&lt;/span>&lt;/span>&lt;span style="display:flex;">&lt;span>&amp;lt;head&amp;gt;
&lt;/span>&lt;/span>&lt;span style="display:flex;">&lt;span>&amp;lt;title&amp;gt;Welcome to nginx!&amp;lt;/title&amp;gt;
&lt;/span>&lt;/span>&lt;span style="display:flex;">&lt;span>&amp;lt;style&amp;gt;
&lt;/span>&lt;/span>&lt;span style="display:flex;">&lt;span> body &lt;span style="color:#ce5c00;font-weight:bold">{&lt;/span>
&lt;/span>&lt;/span>&lt;span style="display:flex;">&lt;span> width: 35em&lt;span style="color:#000;font-weight:bold">;&lt;/span>
&lt;/span>&lt;/span>&lt;span style="display:flex;">&lt;span> margin: &lt;span style="color:#0000cf;font-weight:bold">0&lt;/span> auto&lt;span style="color:#000;font-weight:bold">;&lt;/span>
&lt;/span>&lt;/span>&lt;span style="display:flex;">&lt;span> font-family: Tahoma, Verdana, Arial, sans-serif&lt;span style="color:#000;font-weight:bold">;&lt;/span>
&lt;/span>&lt;/span>&lt;span style="display:flex;">&lt;span> &lt;span style="color:#ce5c00;font-weight:bold">}&lt;/span>
&lt;/span>&lt;/span>&lt;span style="display:flex;">&lt;span>&amp;lt;/style&amp;gt;
&lt;/span>&lt;/span>&lt;span style="display:flex;">&lt;span>&amp;lt;/head&amp;gt;
&lt;/span>&lt;/span>&lt;span style="display:flex;">&lt;span>&amp;lt;body&amp;gt;
&lt;/span>&lt;/span>&lt;span style="display:flex;">&lt;span>&amp;lt;h1&amp;gt;Welcome to nginx!&amp;lt;/h1&amp;gt;
&lt;/span>&lt;/span>&lt;span style="display:flex;">&lt;span>&amp;lt;p&amp;gt;If you see this page, the nginx web server is successfully installed and
&lt;/span>&lt;/span>&lt;span style="display:flex;">&lt;span>working. Further configuration is required.&amp;lt;/p&amp;gt;
&lt;/span>&lt;/span>&lt;span style="display:flex;">&lt;span>
&lt;/span>&lt;/span>&lt;span style="display:flex;">&lt;span>&amp;lt;p&amp;gt;For online documentation and support please refer to
&lt;/span>&lt;/span>&lt;span style="display:flex;">&lt;span>&amp;lt;a &lt;span style="color:#000">href&lt;/span>&lt;span style="color:#ce5c00;font-weight:bold">=&lt;/span>&lt;span style="color:#4e9a06">&amp;#34;http://nginx.org/&amp;#34;&lt;/span>&amp;gt;nginx.org&amp;lt;/a&amp;gt;.&amp;lt;br/&amp;gt;
&lt;/span>&lt;/span>&lt;span style="display:flex;">&lt;span>Commercial support is available at
&lt;/span>&lt;/span>&lt;span style="display:flex;">&lt;span>&amp;lt;a &lt;span style="color:#000">href&lt;/span>&lt;span style="color:#ce5c00;font-weight:bold">=&lt;/span>&lt;span style="color:#4e9a06">&amp;#34;http://nginx.com/&amp;#34;&lt;/span>&amp;gt;nginx.com&amp;lt;/a&amp;gt;.&amp;lt;/p&amp;gt;
&lt;/span>&lt;/span>&lt;span style="display:flex;">&lt;span>
&lt;/span>&lt;/span>&lt;span style="display:flex;">&lt;span>&amp;lt;p&amp;gt;&amp;lt;em&amp;gt;Thank you &lt;span style="color:#204a87;font-weight:bold">for&lt;/span> using nginx.&amp;lt;/em&amp;gt;&amp;lt;/p&amp;gt;
&lt;/span>&lt;/span>&lt;span style="display:flex;">&lt;span>&amp;lt;/body&amp;gt;
&lt;/span>&lt;/span>&lt;span style="display:flex;">&lt;span>&amp;lt;/html&amp;gt;
&lt;/span>&lt;/span>&lt;/code>&lt;/pre>&lt;/div>&lt;h2 id="volumes">Volumes&lt;/h2>
&lt;p>Volumes on these deployments can be supported with NFS volume driver. You can
either manually configure the server on one of the nodes or use EC3 to deploy it
and configure it for you. Create a &lt;code>templates/nfs.radl&lt;/code> to do so:&lt;/p>
&lt;!-- markdownlint-disable line-length -->
&lt;div class="highlight">&lt;pre tabindex="0" style="background-color:#f8f8f8;-moz-tab-size:4;-o-tab-size:4;tab-size:4;">&lt;code class="language-plaintext" data-lang="plaintext">&lt;span style="display:flex;">&lt;span>description nfs (
&lt;/span>&lt;/span>&lt;span style="display:flex;">&lt;span> kind = &amp;#39;component&amp;#39; and
&lt;/span>&lt;/span>&lt;span style="display:flex;">&lt;span> short = &amp;#39;Tool to configure shared directories inside a network.&amp;#39; and
&lt;/span>&lt;/span>&lt;span style="display:flex;">&lt;span> content = &amp;#39;Network File System (NFS) client allows you to access shared directories from Linux client.&amp;#39;
&lt;/span>&lt;/span>&lt;span style="display:flex;">&lt;span>)
&lt;/span>&lt;/span>&lt;span style="display:flex;">&lt;span>
&lt;/span>&lt;/span>&lt;span style="display:flex;">&lt;span>system front (
&lt;/span>&lt;/span>&lt;span style="display:flex;">&lt;span> ec3_templates contains &amp;#39;nfs&amp;#39; and
&lt;/span>&lt;/span>&lt;span style="display:flex;">&lt;span> disk.0.applications contains (name = &amp;#39;ansible.modules.grycap.nfs&amp;#39;)
&lt;/span>&lt;/span>&lt;span style="display:flex;">&lt;span>)
&lt;/span>&lt;/span>&lt;span style="display:flex;">&lt;span>
&lt;/span>&lt;/span>&lt;span style="display:flex;">&lt;span>configure front (
&lt;/span>&lt;/span>&lt;span style="display:flex;">&lt;span>@begin
&lt;/span>&lt;/span>&lt;span style="display:flex;">&lt;span> - tasks:
&lt;/span>&lt;/span>&lt;span style="display:flex;">&lt;span> - name: Create /volume for supporting NFS
&lt;/span>&lt;/span>&lt;span style="display:flex;">&lt;span> file:
&lt;/span>&lt;/span>&lt;span style="display:flex;">&lt;span> path: /volumes
&lt;/span>&lt;/span>&lt;span style="display:flex;">&lt;span> state: directory
&lt;/span>&lt;/span>&lt;span style="display:flex;">&lt;span> mode: &amp;#39;0777&amp;#39;
&lt;/span>&lt;/span>&lt;span style="display:flex;">&lt;span> - roles:
&lt;/span>&lt;/span>&lt;span style="display:flex;">&lt;span> - role: grycap.nfs
&lt;/span>&lt;/span>&lt;span style="display:flex;">&lt;span> nfs_mode: &amp;#39;front&amp;#39;
&lt;/span>&lt;/span>&lt;span style="display:flex;">&lt;span> nfs_exports:
&lt;/span>&lt;/span>&lt;span style="display:flex;">&lt;span> - path: &amp;#34;/volumes&amp;#34;
&lt;/span>&lt;/span>&lt;span style="display:flex;">&lt;span> export: &amp;#34;wn*.localdomain(rw,async,no_root_squash,no_subtree_check,insecure) kubeserver.localdomain(rw,async,no_root_squash,no_subtree_check,insecure)&amp;#34;
&lt;/span>&lt;/span>&lt;span style="display:flex;">&lt;span>@end
&lt;/span>&lt;/span>&lt;span style="display:flex;">&lt;span>)
&lt;/span>&lt;/span>&lt;span style="display:flex;">&lt;span>
&lt;/span>&lt;/span>&lt;span style="display:flex;">&lt;span>system wn (ec3_templates contains &amp;#39;nfs&amp;#39;)
&lt;/span>&lt;/span>&lt;span style="display:flex;">&lt;span>
&lt;/span>&lt;/span>&lt;span style="display:flex;">&lt;span>configure wn (
&lt;/span>&lt;/span>&lt;span style="display:flex;">&lt;span>@begin
&lt;/span>&lt;/span>&lt;span style="display:flex;">&lt;span> - tasks:
&lt;/span>&lt;/span>&lt;span style="display:flex;">&lt;span> - name: Install NFS common
&lt;/span>&lt;/span>&lt;span style="display:flex;">&lt;span> apt:
&lt;/span>&lt;/span>&lt;span style="display:flex;">&lt;span> name: nfs-common
&lt;/span>&lt;/span>&lt;span style="display:flex;">&lt;span> state: present
&lt;/span>&lt;/span>&lt;span style="display:flex;">&lt;span>@end
&lt;/span>&lt;/span>&lt;span style="display:flex;">&lt;span>)
&lt;/span>&lt;/span>&lt;/code>&lt;/pre>&lt;/div>&lt;!-- markdownlint-enable line-length -->
&lt;p>if you have a running cluster, you can add the NFS support by reconfiguring the
cluster:&lt;/p>
&lt;div class="highlight">&lt;pre tabindex="0" style="background-color:#f8f8f8;-moz-tab-size:4;-o-tab-size:4;tab-size:4;">&lt;code class="language-shell" data-lang="shell">&lt;span style="display:flex;">&lt;span>$ docker run -it -v &lt;span style="color:#000">$PWD&lt;/span>:/root/ -w /root grycap/ec3 &lt;span style="color:#4e9a06">\
&lt;/span>&lt;/span>&lt;/span>&lt;span style="display:flex;">&lt;span>&lt;span style="color:#4e9a06">&lt;/span> reconfigure k8s -a auth.dat -t nfs
&lt;/span>&lt;/span>&lt;span style="display:flex;">&lt;span>Reconfiguring infrastructure
&lt;/span>&lt;/span>&lt;span style="display:flex;">&lt;span>Front-end configured with IP 193.144.46.249
&lt;/span>&lt;/span>&lt;span style="display:flex;">&lt;span>Transferring infrastructure
&lt;/span>&lt;/span>&lt;span style="display:flex;">&lt;span>Front-end ready!
&lt;/span>&lt;/span>&lt;/code>&lt;/pre>&lt;/div>&lt;p>And then install the NFS driver in kubernetes with helm:&lt;/p>
&lt;!-- markdownlint-disable line-length -->
&lt;div class="highlight">&lt;pre tabindex="0" style="background-color:#f8f8f8;-moz-tab-size:4;-o-tab-size:4;tab-size:4;">&lt;code class="language-shell" data-lang="shell">&lt;span style="display:flex;">&lt;span>cloudadm@kubeserver:~$ sudo helm install nfs-provisioner &lt;span style="color:#4e9a06">\
&lt;/span>&lt;/span>&lt;/span>&lt;span style="display:flex;">&lt;span>&lt;span style="color:#4e9a06">&lt;/span> stable/nfs-client-provisioner &lt;span style="color:#4e9a06">\
&lt;/span>&lt;/span>&lt;/span>&lt;span style="display:flex;">&lt;span>&lt;span style="color:#4e9a06">&lt;/span> --namespace kube-system &lt;span style="color:#4e9a06">\
&lt;/span>&lt;/span>&lt;/span>&lt;span style="display:flex;">&lt;span>&lt;span style="color:#4e9a06">&lt;/span> --set nfs.server&lt;span style="color:#ce5c00;font-weight:bold">=&lt;/span>192.168.10.9 &lt;span style="color:#4e9a06">\
&lt;/span>&lt;/span>&lt;/span>&lt;span style="display:flex;">&lt;span>&lt;span style="color:#4e9a06">&lt;/span> --set storageClass.defaultClass&lt;span style="color:#ce5c00;font-weight:bold">=&lt;/span>&lt;span style="color:#204a87">true&lt;/span> &lt;span style="color:#4e9a06">\
&lt;/span>&lt;/span>&lt;/span>&lt;span style="display:flex;">&lt;span>&lt;span style="color:#4e9a06">&lt;/span> --set nfs.path&lt;span style="color:#ce5c00;font-weight:bold">=&lt;/span>/volumes &lt;span style="color:#4e9a06">\
&lt;/span>&lt;/span>&lt;/span>&lt;span style="display:flex;">&lt;span>&lt;span style="color:#4e9a06">&lt;/span> --set tolerations&lt;span style="color:#ce5c00;font-weight:bold">[&lt;/span>0&lt;span style="color:#ce5c00;font-weight:bold">]&lt;/span>.effect&lt;span style="color:#ce5c00;font-weight:bold">=&lt;/span>NoSchedule,tolerations&lt;span style="color:#ce5c00;font-weight:bold">[&lt;/span>0&lt;span style="color:#ce5c00;font-weight:bold">]&lt;/span>.key&lt;span style="color:#ce5c00;font-weight:bold">=&lt;/span>node-role.kubernetes.io/master
&lt;/span>&lt;/span>&lt;/code>&lt;/pre>&lt;/div>&lt;!-- markdownlint-enable line-length -->
&lt;p>Now you are ready to create a
&lt;a href="https://kubernetes.io/docs/concepts/storage/persistent-volumes/">PVC&lt;/a> and
attach it to a pod, see this example:&lt;/p>
&lt;div class="highlight">&lt;pre tabindex="0" style="background-color:#f8f8f8;-moz-tab-size:4;-o-tab-size:4;tab-size:4;">&lt;code class="language-yaml" data-lang="yaml">&lt;span style="display:flex;">&lt;span>&lt;span style="color:#000">---&lt;/span>&lt;span style="color:#f8f8f8;text-decoration:underline">
&lt;/span>&lt;/span>&lt;/span>&lt;span style="display:flex;">&lt;span>&lt;span style="color:#f8f8f8;text-decoration:underline">&lt;/span>&lt;span style="color:#204a87;font-weight:bold">apiVersion&lt;/span>&lt;span style="color:#000;font-weight:bold">:&lt;/span>&lt;span style="color:#f8f8f8;text-decoration:underline"> &lt;/span>&lt;span style="color:#000">v1&lt;/span>&lt;span style="color:#f8f8f8;text-decoration:underline">
&lt;/span>&lt;/span>&lt;/span>&lt;span style="display:flex;">&lt;span>&lt;span style="color:#f8f8f8;text-decoration:underline">&lt;/span>&lt;span style="color:#204a87;font-weight:bold">kind&lt;/span>&lt;span style="color:#000;font-weight:bold">:&lt;/span>&lt;span style="color:#f8f8f8;text-decoration:underline"> &lt;/span>&lt;span style="color:#000">PersistentVolumeClaim&lt;/span>&lt;span style="color:#f8f8f8;text-decoration:underline">
&lt;/span>&lt;/span>&lt;/span>&lt;span style="display:flex;">&lt;span>&lt;span style="color:#f8f8f8;text-decoration:underline">&lt;/span>&lt;span style="color:#204a87;font-weight:bold">metadata&lt;/span>&lt;span style="color:#000;font-weight:bold">:&lt;/span>&lt;span style="color:#f8f8f8;text-decoration:underline">
&lt;/span>&lt;/span>&lt;/span>&lt;span style="display:flex;">&lt;span>&lt;span style="color:#f8f8f8;text-decoration:underline"> &lt;/span>&lt;span style="color:#204a87;font-weight:bold">name&lt;/span>&lt;span style="color:#000;font-weight:bold">:&lt;/span>&lt;span style="color:#f8f8f8;text-decoration:underline"> &lt;/span>&lt;span style="color:#000">test-pvc&lt;/span>&lt;span style="color:#f8f8f8;text-decoration:underline">
&lt;/span>&lt;/span>&lt;/span>&lt;span style="display:flex;">&lt;span>&lt;span style="color:#f8f8f8;text-decoration:underline">&lt;/span>&lt;span style="color:#204a87;font-weight:bold">spec&lt;/span>&lt;span style="color:#000;font-weight:bold">:&lt;/span>&lt;span style="color:#f8f8f8;text-decoration:underline">
&lt;/span>&lt;/span>&lt;/span>&lt;span style="display:flex;">&lt;span>&lt;span style="color:#f8f8f8;text-decoration:underline"> &lt;/span>&lt;span style="color:#204a87;font-weight:bold">storageClassName&lt;/span>&lt;span style="color:#000;font-weight:bold">:&lt;/span>&lt;span style="color:#f8f8f8;text-decoration:underline"> &lt;/span>&lt;span style="color:#000">nfs-client&lt;/span>&lt;span style="color:#f8f8f8;text-decoration:underline">
&lt;/span>&lt;/span>&lt;/span>&lt;span style="display:flex;">&lt;span>&lt;span style="color:#f8f8f8;text-decoration:underline"> &lt;/span>&lt;span style="color:#204a87;font-weight:bold">accessModes&lt;/span>&lt;span style="color:#000;font-weight:bold">:&lt;/span>&lt;span style="color:#f8f8f8;text-decoration:underline">
&lt;/span>&lt;/span>&lt;/span>&lt;span style="display:flex;">&lt;span>&lt;span style="color:#f8f8f8;text-decoration:underline"> &lt;/span>- &lt;span style="color:#000">ReadWriteOnce&lt;/span>&lt;span style="color:#f8f8f8;text-decoration:underline">
&lt;/span>&lt;/span>&lt;/span>&lt;span style="display:flex;">&lt;span>&lt;span style="color:#f8f8f8;text-decoration:underline"> &lt;/span>&lt;span style="color:#204a87;font-weight:bold">resources&lt;/span>&lt;span style="color:#000;font-weight:bold">:&lt;/span>&lt;span style="color:#f8f8f8;text-decoration:underline">
&lt;/span>&lt;/span>&lt;/span>&lt;span style="display:flex;">&lt;span>&lt;span style="color:#f8f8f8;text-decoration:underline"> &lt;/span>&lt;span style="color:#204a87;font-weight:bold">requests&lt;/span>&lt;span style="color:#000;font-weight:bold">:&lt;/span>&lt;span style="color:#f8f8f8;text-decoration:underline">
&lt;/span>&lt;/span>&lt;/span>&lt;span style="display:flex;">&lt;span>&lt;span style="color:#f8f8f8;text-decoration:underline"> &lt;/span>&lt;span style="color:#204a87;font-weight:bold">storage&lt;/span>&lt;span style="color:#000;font-weight:bold">:&lt;/span>&lt;span style="color:#f8f8f8;text-decoration:underline"> &lt;/span>&lt;span style="color:#000">3Gi&lt;/span>&lt;span style="color:#f8f8f8;text-decoration:underline">
&lt;/span>&lt;/span>&lt;/span>&lt;span style="display:flex;">&lt;span>&lt;span style="color:#f8f8f8;text-decoration:underline">&lt;/span>&lt;span style="color:#000">---&lt;/span>&lt;span style="color:#f8f8f8;text-decoration:underline">
&lt;/span>&lt;/span>&lt;/span>&lt;span style="display:flex;">&lt;span>&lt;span style="color:#f8f8f8;text-decoration:underline">&lt;/span>&lt;span style="color:#204a87;font-weight:bold">apiVersion&lt;/span>&lt;span style="color:#000;font-weight:bold">:&lt;/span>&lt;span style="color:#f8f8f8;text-decoration:underline"> &lt;/span>&lt;span style="color:#000">v1&lt;/span>&lt;span style="color:#f8f8f8;text-decoration:underline">
&lt;/span>&lt;/span>&lt;/span>&lt;span style="display:flex;">&lt;span>&lt;span style="color:#f8f8f8;text-decoration:underline">&lt;/span>&lt;span style="color:#204a87;font-weight:bold">kind&lt;/span>&lt;span style="color:#000;font-weight:bold">:&lt;/span>&lt;span style="color:#f8f8f8;text-decoration:underline"> &lt;/span>&lt;span style="color:#000">Pod&lt;/span>&lt;span style="color:#f8f8f8;text-decoration:underline">
&lt;/span>&lt;/span>&lt;/span>&lt;span style="display:flex;">&lt;span>&lt;span style="color:#f8f8f8;text-decoration:underline">&lt;/span>&lt;span style="color:#204a87;font-weight:bold">metadata&lt;/span>&lt;span style="color:#000;font-weight:bold">:&lt;/span>&lt;span style="color:#f8f8f8;text-decoration:underline">
&lt;/span>&lt;/span>&lt;/span>&lt;span style="display:flex;">&lt;span>&lt;span style="color:#f8f8f8;text-decoration:underline"> &lt;/span>&lt;span style="color:#204a87;font-weight:bold">name&lt;/span>&lt;span style="color:#000;font-weight:bold">:&lt;/span>&lt;span style="color:#f8f8f8;text-decoration:underline"> &lt;/span>&lt;span style="color:#000">pvc-pod&lt;/span>&lt;span style="color:#f8f8f8;text-decoration:underline">
&lt;/span>&lt;/span>&lt;/span>&lt;span style="display:flex;">&lt;span>&lt;span style="color:#f8f8f8;text-decoration:underline"> &lt;/span>&lt;span style="color:#204a87;font-weight:bold">namespace&lt;/span>&lt;span style="color:#000;font-weight:bold">:&lt;/span>&lt;span style="color:#f8f8f8;text-decoration:underline"> &lt;/span>&lt;span style="color:#000">default&lt;/span>&lt;span style="color:#f8f8f8;text-decoration:underline">
&lt;/span>&lt;/span>&lt;/span>&lt;span style="display:flex;">&lt;span>&lt;span style="color:#f8f8f8;text-decoration:underline">&lt;/span>&lt;span style="color:#204a87;font-weight:bold">spec&lt;/span>&lt;span style="color:#000;font-weight:bold">:&lt;/span>&lt;span style="color:#f8f8f8;text-decoration:underline">
&lt;/span>&lt;/span>&lt;/span>&lt;span style="display:flex;">&lt;span>&lt;span style="color:#f8f8f8;text-decoration:underline"> &lt;/span>&lt;span style="color:#204a87;font-weight:bold">restartPolicy&lt;/span>&lt;span style="color:#000;font-weight:bold">:&lt;/span>&lt;span style="color:#f8f8f8;text-decoration:underline"> &lt;/span>&lt;span style="color:#000">Never&lt;/span>&lt;span style="color:#f8f8f8;text-decoration:underline">
&lt;/span>&lt;/span>&lt;/span>&lt;span style="display:flex;">&lt;span>&lt;span style="color:#f8f8f8;text-decoration:underline"> &lt;/span>&lt;span style="color:#204a87;font-weight:bold">volumes&lt;/span>&lt;span style="color:#000;font-weight:bold">:&lt;/span>&lt;span style="color:#f8f8f8;text-decoration:underline">
&lt;/span>&lt;/span>&lt;/span>&lt;span style="display:flex;">&lt;span>&lt;span style="color:#f8f8f8;text-decoration:underline"> &lt;/span>- &lt;span style="color:#204a87;font-weight:bold">name&lt;/span>&lt;span style="color:#000;font-weight:bold">:&lt;/span>&lt;span style="color:#f8f8f8;text-decoration:underline"> &lt;/span>&lt;span style="color:#000">vol&lt;/span>&lt;span style="color:#f8f8f8;text-decoration:underline">
&lt;/span>&lt;/span>&lt;/span>&lt;span style="display:flex;">&lt;span>&lt;span style="color:#f8f8f8;text-decoration:underline"> &lt;/span>&lt;span style="color:#204a87;font-weight:bold">persistentVolumeClaim&lt;/span>&lt;span style="color:#000;font-weight:bold">:&lt;/span>&lt;span style="color:#f8f8f8;text-decoration:underline">
&lt;/span>&lt;/span>&lt;/span>&lt;span style="display:flex;">&lt;span>&lt;span style="color:#f8f8f8;text-decoration:underline"> &lt;/span>&lt;span style="color:#204a87;font-weight:bold">claimName&lt;/span>&lt;span style="color:#000;font-weight:bold">:&lt;/span>&lt;span style="color:#f8f8f8;text-decoration:underline"> &lt;/span>&lt;span style="color:#000">test-pvc&lt;/span>&lt;span style="color:#f8f8f8;text-decoration:underline">
&lt;/span>&lt;/span>&lt;/span>&lt;span style="display:flex;">&lt;span>&lt;span style="color:#f8f8f8;text-decoration:underline"> &lt;/span>&lt;span style="color:#204a87;font-weight:bold">containers&lt;/span>&lt;span style="color:#000;font-weight:bold">:&lt;/span>&lt;span style="color:#f8f8f8;text-decoration:underline">
&lt;/span>&lt;/span>&lt;/span>&lt;span style="display:flex;">&lt;span>&lt;span style="color:#f8f8f8;text-decoration:underline"> &lt;/span>- &lt;span style="color:#204a87;font-weight:bold">name&lt;/span>&lt;span style="color:#000;font-weight:bold">:&lt;/span>&lt;span style="color:#f8f8f8;text-decoration:underline"> &lt;/span>&lt;span style="color:#000">test&lt;/span>&lt;span style="color:#f8f8f8;text-decoration:underline">
&lt;/span>&lt;/span>&lt;/span>&lt;span style="display:flex;">&lt;span>&lt;span style="color:#f8f8f8;text-decoration:underline"> &lt;/span>&lt;span style="color:#204a87;font-weight:bold">image&lt;/span>&lt;span style="color:#000;font-weight:bold">:&lt;/span>&lt;span style="color:#f8f8f8;text-decoration:underline"> &lt;/span>&lt;span style="color:#4e9a06">&amp;#34;busybox&amp;#34;&lt;/span>&lt;span style="color:#f8f8f8;text-decoration:underline">
&lt;/span>&lt;/span>&lt;/span>&lt;span style="display:flex;">&lt;span>&lt;span style="color:#f8f8f8;text-decoration:underline"> &lt;/span>&lt;span style="color:#204a87;font-weight:bold">command&lt;/span>&lt;span style="color:#000;font-weight:bold">:&lt;/span>&lt;span style="color:#f8f8f8;text-decoration:underline"> &lt;/span>&lt;span style="color:#000;font-weight:bold">[&lt;/span>&lt;span style="color:#4e9a06">&amp;#34;sleep&amp;#34;&lt;/span>&lt;span style="color:#000;font-weight:bold">,&lt;/span>&lt;span style="color:#f8f8f8;text-decoration:underline"> &lt;/span>&lt;span style="color:#4e9a06">&amp;#34;1d&amp;#34;&lt;/span>&lt;span style="color:#000;font-weight:bold">]&lt;/span>&lt;span style="color:#f8f8f8;text-decoration:underline">
&lt;/span>&lt;/span>&lt;/span>&lt;span style="display:flex;">&lt;span>&lt;span style="color:#f8f8f8;text-decoration:underline"> &lt;/span>&lt;span style="color:#204a87;font-weight:bold">volumeMounts&lt;/span>&lt;span style="color:#000;font-weight:bold">:&lt;/span>&lt;span style="color:#f8f8f8;text-decoration:underline">
&lt;/span>&lt;/span>&lt;/span>&lt;span style="display:flex;">&lt;span>&lt;span style="color:#f8f8f8;text-decoration:underline"> &lt;/span>- &lt;span style="color:#204a87;font-weight:bold">name&lt;/span>&lt;span style="color:#000;font-weight:bold">:&lt;/span>&lt;span style="color:#f8f8f8;text-decoration:underline"> &lt;/span>&lt;span style="color:#000">vol&lt;/span>&lt;span style="color:#f8f8f8;text-decoration:underline">
&lt;/span>&lt;/span>&lt;/span>&lt;span style="display:flex;">&lt;span>&lt;span style="color:#f8f8f8;text-decoration:underline"> &lt;/span>&lt;span style="color:#204a87;font-weight:bold">mountPath&lt;/span>&lt;span style="color:#000;font-weight:bold">:&lt;/span>&lt;span style="color:#f8f8f8;text-decoration:underline"> &lt;/span>&lt;span style="color:#000">/volume&lt;/span>&lt;span style="color:#f8f8f8;text-decoration:underline">
&lt;/span>&lt;/span>&lt;/span>&lt;/code>&lt;/pre>&lt;/div>&lt;p>Once you apply the yaml, you will see the new PVC gets bounded to a PV created
in NFS:&lt;/p>
&lt;!-- markdownlint-disable line-length -->
&lt;div class="highlight">&lt;pre tabindex="0" style="background-color:#f8f8f8;-moz-tab-size:4;-o-tab-size:4;tab-size:4;">&lt;code class="language-shell" data-lang="shell">&lt;span style="display:flex;">&lt;span>cloudadm@kubeserver:~$ sudo kubectl get pvc
&lt;/span>&lt;/span>&lt;span style="display:flex;">&lt;span>NAME STATUS VOLUME CAPACITY ACCESS MODES STORAGECLASS AGE
&lt;/span>&lt;/span>&lt;span style="display:flex;">&lt;span>test-pvc Bound pvc-39f970de-eaad-44d7-b49f-90dc9de54a14 3Gi RWO nfs-client 9m46s
&lt;/span>&lt;/span>&lt;/code>&lt;/pre>&lt;/div>&lt;!-- markdownlint-enable line-length -->
&lt;h2 id="destroying-the-cluster">Destroying the cluster&lt;/h2>
&lt;p>Once you don&amp;rsquo;t need the cluster anymore, you can undeploy with the &lt;code>destroy&lt;/code>
command of EC3:&lt;/p>
&lt;div class="highlight">&lt;pre tabindex="0" style="background-color:#f8f8f8;-moz-tab-size:4;-o-tab-size:4;tab-size:4;">&lt;code class="language-shell" data-lang="shell">&lt;span style="display:flex;">&lt;span>$ fedcloud ec3 refresh &lt;span style="color:#8f5902;font-style:italic"># refresh your credentials to interact with the cluster&lt;/span>
&lt;/span>&lt;/span>&lt;span style="display:flex;">&lt;span>$ docker run -it -v &lt;span style="color:#000">$PWD&lt;/span>:/root/ -w /root grycap/ec3 destroy k8s -y -a auth.dat
&lt;/span>&lt;/span>&lt;span style="display:flex;">&lt;span>WARNING: you are going to delete the infrastructure &lt;span style="color:#ce5c00;font-weight:bold">(&lt;/span>including frontend and nodes&lt;span style="color:#ce5c00;font-weight:bold">)&lt;/span>.
&lt;/span>&lt;/span>&lt;span style="display:flex;">&lt;span>Success deleting the cluster!
&lt;/span>&lt;/span>&lt;/code>&lt;/pre>&lt;/div></description></item></channel></rss>