<rss version="2.0" xmlns:atom="http://www.w3.org/2005/Atom"><channel><title>EGI Documentation – MAN06 Failover for MySQL grid-based services</title><link>/providers/operations-manuals/man06_failover_for_mysql_grid_based_services/</link><description>Recent content in MAN06 Failover for MySQL grid-based services on EGI Documentation</description><generator>Hugo -- gohugo.io</generator><atom:link href="/providers/operations-manuals/man06_failover_for_mysql_grid_based_services/index.xml" rel="self" type="application/rss+xml"/></channel></rss>