<rss version="2.0" xmlns:atom="http://www.w3.org/2005/Atom"><channel><title>EGI Documentation – Create a Virtual Machine with Jupyter and DataHub</title><link>/users/tutorials/jupyter-datahub-virtual-machine/</link><description>Recent content in Create a Virtual Machine with Jupyter and DataHub on EGI Documentation</description><generator>Hugo -- gohugo.io</generator><atom:link href="/users/tutorials/jupyter-datahub-virtual-machine/index.xml" rel="self" type="application/rss+xml"/></channel></rss>