<rss version="2.0" xmlns:atom="http://www.w3.org/2005/Atom"><channel><title>EGI Documentation – MAN04 Tool Intervention Management</title><link>/providers/operations-manuals/man04_tool_intervention_management/</link><description>Recent content in MAN04 Tool Intervention Management on EGI Documentation</description><generator>Hugo -- gohugo.io</generator><atom:link href="/providers/operations-manuals/man04_tool_intervention_management/index.xml" rel="self" type="application/rss+xml"/></channel></rss>