<rss version="2.0" xmlns:atom="http://www.w3.org/2005/Atom"><channel><title>EGI Documentation – Approving/revoking accounts, roles and other actions</title><link>/internal/configuration-database/users-roles/approve-revoke/</link><description>Recent content in Approving/revoking accounts, roles and other actions on EGI Documentation</description><generator>Hugo -- gohugo.io</generator><atom:link href="/internal/configuration-database/users-roles/approve-revoke/index.xml" rel="self" type="application/rss+xml"/></channel></rss>