<rss version="2.0" xmlns:atom="http://www.w3.org/2005/Atom"><channel><title>EGI Documentation – MAN02 Service intervention management</title><link>/providers/operations-manuals/man02_service_intervention_management/</link><description>Recent content in MAN02 Service intervention management on EGI Documentation</description><generator>Hugo -- gohugo.io</generator><atom:link href="/providers/operations-manuals/man02_service_intervention_management/index.xml" rel="self" type="application/rss+xml"/></channel></rss>