<rss version="2.0" xmlns:atom="http://www.w3.org/2005/Atom"><channel><title>EGI Documentation – Operations Portal</title><link>/internal/operations-portal/</link><description>Recent content in Operations Portal on EGI Documentation</description><generator>Hugo -- gohugo.io</generator><atom:link href="/internal/operations-portal/index.xml" rel="self" type="application/rss+xml"/><item><title>Internal: Service information</title><link>/internal/operations-portal/service-information/</link><pubDate>Mon, 01 Jan 0001 00:00:00 +0000</pubDate><guid>/internal/operations-portal/service-information/</guid><description>
&lt;h2 id="identity-card">Identity card&lt;/h2>
&lt;!-- markdownlint-disable no-inline-html no-bare-urls -->
&lt;table>
&lt;thead>
&lt;tr>
&lt;th>Property&lt;/th>
&lt;th>Value&lt;/th>
&lt;/tr>
&lt;/thead>
&lt;tbody>
&lt;tr>
&lt;td>Name&lt;/td>
&lt;td>Operation Portal&lt;/td>
&lt;/tr>
&lt;tr>
&lt;td>Description&lt;/td>
&lt;td>Provision of VO management functions and other capabilities supporting the daily operations of EGI&lt;/td>
&lt;/tr>
&lt;tr>
&lt;td>URL&lt;/td>
&lt;td>&lt;a href="https://operations-portal.egi.eu/">https://operations-portal.egi.eu/&lt;/a>&lt;/td>
&lt;/tr>
&lt;tr>
&lt;td>Support Email&lt;/td>
&lt;td>&lt;code>cic-information&lt;/code> at &lt;code>in2p3.fr&lt;/code>&lt;/td>
&lt;/tr>
&lt;tr>
&lt;td>&lt;a href="../../helpdesk">Helpdesk&lt;/a> Support Unit&lt;/td>
&lt;td>&lt;strong>EGI Services and Service Components&lt;/strong> &lt;br/> I__ Operations Portal&lt;/td>
&lt;/tr>
&lt;tr>
&lt;td>Configuration Database entry&lt;/td>
&lt;td>&lt;a href="https://goc.egi.eu/portal/index.php?Page_Type=Site&amp;amp;id=568">https://goc.egi.eu/portal/index.php?Page_Type=Site&amp;amp;id=568&lt;/a>&lt;/td>
&lt;/tr>
&lt;tr>
&lt;td>Supplier&lt;/td>
&lt;td>CNRS&lt;/td>
&lt;/tr>
&lt;tr>
&lt;td>Roadmap&lt;/td>
&lt;td>&lt;/td>
&lt;/tr>
&lt;tr>
&lt;td>Release notes&lt;/td>
&lt;td>&lt;a href="https://operations-portal.egi.eu/home/tasksList">Release notes&lt;/a>&lt;/td>
&lt;/tr>
&lt;tr>
&lt;td>Source code&lt;/td>
&lt;td>&lt;a href="https://gitlab.in2p3.fr/opsportal/sf3">https://gitlab.in2p3.fr/opsportal/sf3&lt;/a>&lt;/td>
&lt;/tr>
&lt;tr>
&lt;td>Issue tracker for developers&lt;/td>
&lt;td>&lt;a href="https://gitlab.in2p3.fr/opsportal/sf3/-/issues">https://gitlab.in2p3.fr/opsportal/sf3/-/issues&lt;/a>&lt;/td>
&lt;/tr>
&lt;tr>
&lt;td>License&lt;/td>
&lt;td>Apache 2&lt;/td>
&lt;/tr>
&lt;tr>
&lt;td>Privacy Policy&lt;/td>
&lt;td>&lt;a href="https://operations-portal.egi.eu/home/a/aup">https://operations-portal.egi.eu/home/a/aup&lt;/a>&lt;/td>
&lt;/tr>
&lt;/tbody>
&lt;/table>
&lt;!-- markdownlint-enable no-inline-html no-bare-urls --></description></item></channel></rss>