<rss version="2.0" xmlns:atom="http://www.w3.org/2005/Atom"><channel><title>EGI Documentation – High-Throughput Compute</title><link>/providers/high-throughput-compute/</link><description>Recent content in High-Throughput Compute on EGI Documentation</description><generator>Hugo -- gohugo.io</generator><atom:link href="/providers/high-throughput-compute/index.xml" rel="self" type="application/rss+xml"/><item><title>Providers: Changing the Site BDII</title><link>/providers/high-throughput-compute/changing_site_bdii/</link><pubDate>Mon, 01 Jan 0001 00:00:00 +0000</pubDate><guid>/providers/high-throughput-compute/changing_site_bdii/</guid><description>
&lt;h2 id="moving-the-site-bdii-to-another-machine">Moving the Site BDII to another machine&lt;/h2>
&lt;ol>
&lt;li>
&lt;p>Ensure the new Site BDII is working fine and publishing all the necessary
site information&lt;/p>
&lt;ul>
&lt;li>See &lt;a href="../../operations-manuals/man01_how_to_publish_site_information">MAN01&lt;/a>
for general information about how to configure a Site BDII. In particular,
remember that the Site BDII configuration must include the BDII node
itself.&lt;/li>
&lt;/ul>
&lt;/li>
&lt;li>
&lt;p>Put the old Site BDII in scheduled downtime in the
&lt;a href="../../../internal/configuration-database">Configuration Database&lt;/a> for a
couple of hours&lt;/p>
&lt;/li>
&lt;li>
&lt;p>Register the new service in the Configuration Database by adding a new
Service Endpoint:&lt;/p>
&lt;ul>
&lt;li>select &lt;code>Site BDII&lt;/code> in &lt;code>Service Type&lt;/code> field&lt;/li>
&lt;li>fill in at least the hostname&lt;/li>
&lt;li>select &lt;code>Y&lt;/code> for production and monitoring, &lt;code>N&lt;/code> for beta service field&lt;/li>
&lt;/ul>
&lt;/li>
&lt;li>
&lt;p>Properly modify the &lt;code>GIIS URL&lt;/code> field with the new &lt;code>SITE-BDII ldap URL&lt;/code>&lt;/p>
&lt;ul>
&lt;li>Note that the site name in the GIIS URL is case-sensitive&lt;/li>
&lt;/ul>
&lt;/li>
&lt;li>
&lt;p>Mark the old Site BDII as not production and turn off its monitoring&lt;/p>
&lt;/li>
&lt;li>
&lt;p>Top BDIIs updates their sites list every hour so the new Site BDII should be
published in less than an hour; instead Nagios updates the monitored hosts
every 3 hours&lt;/p>
&lt;/li>
&lt;li>
&lt;p>When the new Site BDII is appeared on Nagios and the old one is disappeared,
turn off the old Site BDII and remove it from the Configuration Database&lt;/p>
&lt;/li>
&lt;/ol>
&lt;h2 id="turning-off-a-site-bdii-co-hosted-with-other-services">Turning off a Site BDII co-hosted with other services&lt;/h2>
&lt;ol>
&lt;li>
&lt;p>Stop and remove the service&lt;/p>
&lt;div class="highlight">&lt;pre tabindex="0" style="background-color:#f8f8f8;-moz-tab-size:4;-o-tab-size:4;tab-size:4;">&lt;code class="language-shell" data-lang="shell">&lt;span style="display:flex;">&lt;span>service bdii stop
&lt;/span>&lt;/span>&lt;span style="display:flex;">&lt;span>yum remove glite-BDII glite-yaim-bdii
&lt;/span>&lt;/span>&lt;/code>&lt;/pre>&lt;/div>&lt;/li>
&lt;li>
&lt;p>Delete some info-providers and ldif file (
&lt;code>/opt/glite/etc/gip/ldif/stub-site.ldif&lt;/code>,
&lt;code>/opt/glite/etc/gip/site-urls.conf&lt;/code>,
&lt;code>/opt/glite/etc/gip/provider/glite-info-provider-site&lt;/code>,
&lt;code>/opt/glite/etc/gip/provider/glite-info-provider-service-bdii-site-wrapper&lt;/code>,
&lt;code>/opt/glite/etc/gip/ldif/glite-info-site.ldif&lt;/code>)&lt;/p>
&lt;/li>
&lt;li>
&lt;p>Reconfigure with yaim without specifying the BDII_site profile&lt;/p>
&lt;/li>
&lt;/ol></description></item></channel></rss>