<rss version="2.0" xmlns:atom="http://www.w3.org/2005/Atom"><channel><title>EGI Documentation – DataHub</title><link>/providers/datahub/</link><description>Recent content in DataHub on EGI Documentation</description><generator>Hugo -- gohugo.io</generator><atom:link href="/providers/datahub/index.xml" rel="self" type="application/rss+xml"/><item><title>Providers: DataHub OneProvider</title><link>/providers/datahub/oneprovider/</link><pubDate>Mon, 01 Jan 0001 00:00:00 +0000</pubDate><guid>/providers/datahub/oneprovider/</guid><description>
&lt;p>This documentation covers how to install and configure a OneData OneProvider in
order to join a new or existing EGI DataHub space. In particular two types of
installations are available, depending if the provider wants to support the
space with an empty storage or if existing data should be exposed via the
Oneprovider.&lt;/p>
&lt;h2 id="requirements-for-production-installation">Requirements for production installation&lt;/h2>
&lt;ul>
&lt;li>Oneprovider
&lt;ul>
&lt;li>RAM: 32GB&lt;/li>
&lt;li>CPU: 8 vCPU&lt;/li>
&lt;li>Disk: 50GB SSD&lt;/li>
&lt;li>To be adjusted for the dataset and usage scenario&lt;/li>
&lt;/ul>
&lt;/li>
&lt;li>For high Input/Output operations per second (IOPS)
&lt;ul>
&lt;li>High performance backend storage (CEPH)&lt;/li>
&lt;li>Low latency network&lt;/li>
&lt;/ul>
&lt;/li>
&lt;/ul>
&lt;h3 id="network-requirements">Network Requirements&lt;/h3>
&lt;ul>
&lt;li>The following ports need to be open on the local and site firewall:
&lt;ul>
&lt;li>80, 443, 9443, 6665 (for data transfer)&lt;/li>
&lt;/ul>
&lt;/li>
&lt;/ul>
&lt;div class="alert alert-warning" role="alert">
&lt;h4 class="alert-heading">Warning&lt;/h4>
The Oneprovider installation includes also a Memcached server running on
port 11211. Please ensure that this port and other unused ports are not open to
the internet by setting up proper local firewall rules.
&lt;/div>
&lt;h2 id="installation-and-attach-empty-storage-to-the-egi-datahub">Installation and attach empty storage to the EGI DataHub&lt;/h2>
&lt;p>The installation of a new Oneprovider is performed using the &lt;code>onedatify&lt;/code>
installation script which will setup the components using Docker and
Docker-compose.&lt;/p>
&lt;p>This simple installation script can be generated from the EGI DataHub interface.&lt;/p>
&lt;p>Firstly, you need to login to the EGI DataHub and using the &lt;code>Data&lt;/code> menu you
either select an existing space or create a new one.&lt;/p>
&lt;p>Secondly, you can select on the space menu the &lt;code>Providers&lt;/code> section and click on
the &lt;code>Add Support&lt;/code> button on the top right corner.&lt;/p>
&lt;p>&lt;img src="add-support-oneprovider.png" alt="image">&lt;/p>
&lt;p>You should then select on the page the tab: &lt;code>Deploy your own provider&lt;/code>&lt;/p>
&lt;p>In order to obtain the &lt;code>PROVIDER_REGISTRATION_TOKEN&lt;/code> that is part of the
preconfigured command, you need to contact the
&lt;a href="https://ggus.eu/?mode=ticket_submit">EGI HelpDesk&lt;/a>, selecting DataHub as
support unit.&lt;/p>
&lt;p>Please include in the request the following info:&lt;/p>
&lt;ul>
&lt;li>Use case for the installation of a Oneprovider connected to the EGI DataHub&lt;/li>
&lt;li>Name and the email of the Oneprovider admin&lt;/li>
&lt;li>domain name of the Oneprovider&lt;/li>
&lt;/ul>
&lt;p>&lt;img src="onedatify-oneprovider.png" alt="image">&lt;/p>
&lt;h3 id="run-the-command-on-the-host">Run the command on the host&lt;/h3>
&lt;p>With the obtained &lt;code>PROVIDER_REGISTRATION_TOKEN&lt;/code>, paste the copied command in the
terminal on the Oneprovider machine as superuser.&lt;/p>
&lt;p>If necessary, the Onedatify script will ask for permission to install all
necessary dependencies including Docker and Docker Compose.&lt;/p>
&lt;p>After the dependency installation is complete, the script will ask several
questions and suggest default settings:&lt;/p>
&lt;p>&lt;img src="onedatify_step_1.png" alt="image">&lt;/p>
&lt;p>The progress can be monitored on a separate terminal using the following
command:&lt;/p>
&lt;div class="highlight">&lt;pre tabindex="0" style="background-color:#f8f8f8;-moz-tab-size:4;-o-tab-size:4;tab-size:4;">&lt;code class="language-shell" data-lang="shell">&lt;span style="display:flex;">&lt;span>onedatify logs
&lt;/span>&lt;/span>&lt;/code>&lt;/pre>&lt;/div>&lt;p>After the deployment is complete, a message will be shown, including connection
details for the administration panel of the Oneprovider:&lt;/p>
&lt;p>&lt;img src="onedatify_step_5.png" alt="image">&lt;/p>
&lt;p>This administration panel at port &lt;code>9443&lt;/code> can be used to administer the
Oneprovider.&lt;/p>
&lt;h2 id="installation-and-expose-existing-data-to-the-egi-datahub">Installation and expose existing data to the EGI DataHub&lt;/h2>
&lt;p>The installation of a new OneProvider to expose existing datasets to an EGI
DataHub space is similar to the installation with an empty storage.&lt;/p>
&lt;p>When adding support to an existing or new space you should select from the EGI
DataHub user interface the tab : &lt;code>Expose Existing dataset&lt;/code>.&lt;/p>
&lt;p>Please refer to the steps described in the
&lt;a href="#installation-and-attach-empty-storage-to-the-egi-datahub">Installation and attach empty storage to the EGI DataHub&lt;/a>
section to request a &lt;code>PROVIDER_REGISTRATION_TOKEN&lt;/code>.&lt;/p>
&lt;p>Once obtained, you will have to copy the command already configured with the
correct parameters for the Onezone (&lt;code>datahub.egi.eu&lt;/code>) and the space to join.&lt;/p>
&lt;p>&lt;img src="onedatify-oneprovider-expose.png" alt="image">&lt;/p>
&lt;h3 id="run-the-command-on-the-host-1">Run the command on the host&lt;/h3>
&lt;p>Paste the copied command in the terminal on the Oneprovider machine as
superuser, and follow the instructions as for the case of an empty storage.&lt;/p>
&lt;p>The only difference is that at the end of the installation and configuration
process the existing files will be automatically imported to the OneProvider.&lt;/p>
&lt;p>You can monitor the import activity from the administration panel at port 9443.&lt;/p>
&lt;p>&lt;img src="onedatify_step_6.png" alt="image">&lt;/p>
&lt;p>&lt;img src="onedata-logo.png" alt="image">&lt;/p></description></item></channel></rss>