<rss version="2.0" xmlns:atom="http://www.w3.org/2005/Atom"><channel><title>EGI Documentation – Understanding and manipulating user accounts</title><link>/internal/configuration-database/users-roles/managing-accounts/</link><description>Recent content in Understanding and manipulating user accounts on EGI Documentation</description><generator>Hugo -- gohugo.io</generator><atom:link href="/internal/configuration-database/users-roles/managing-accounts/index.xml" rel="self" type="application/rss+xml"/></channel></rss>