<rss version="2.0" xmlns:atom="http://www.w3.org/2005/Atom"><channel><title>EGI Documentation – HOWTO03 Site Certification GIIS Check</title><link>/providers/operations-manuals/howto03_site_certificatoin_giis_check/</link><description>Recent content in HOWTO03 Site Certification GIIS Check on EGI Documentation</description><generator>Hugo -- gohugo.io</generator><atom:link href="/providers/operations-manuals/howto03_site_certificatoin_giis_check/index.xml" rel="self" type="application/rss+xml"/></channel></rss>