<rss version="2.0" xmlns:atom="http://www.w3.org/2005/Atom"><channel><title>EGI Documentation – MAN05 top and site BDII High Availability</title><link>/providers/operations-manuals/man05_top_and_site_bdii_high_availability/</link><description>Recent content in MAN05 top and site BDII High Availability on EGI Documentation</description><generator>Hugo -- gohugo.io</generator><atom:link href="/providers/operations-manuals/man05_top_and_site_bdii_high_availability/index.xml" rel="self" type="application/rss+xml"/></channel></rss>