<rss version="2.0" xmlns:atom="http://www.w3.org/2005/Atom"><channel><title>EGI Documentation – MAN01 How to publish site information</title><link>/providers/operations-manuals/man01_how_to_publish_site_information/</link><description>Recent content in MAN01 How to publish site information on EGI Documentation</description><generator>Hugo -- gohugo.io</generator><atom:link href="/providers/operations-manuals/man01_how_to_publish_site_information/index.xml" rel="self" type="application/rss+xml"/></channel></rss>