<rss version="2.0" xmlns:atom="http://www.w3.org/2005/Atom"><channel><title>EGI Documentation – Managing a Virtual Organisation</title><link>/users/aai/check-in/vos/</link><description>Recent content in Managing a Virtual Organisation on EGI Documentation</description><generator>Hugo -- gohugo.io</generator><atom:link href="/users/aai/check-in/vos/index.xml" rel="self" type="application/rss+xml"/><item><title>Users: VO Membership Information</title><link>/users/aai/check-in/vos/expressing-vo-information/</link><pubDate>Mon, 01 Jan 0001 00:00:00 +0000</pubDate><guid>/users/aai/check-in/vos/expressing-vo-information/</guid><description>
&lt;p>According to &lt;a href="https://aarc-community.org/guidelines/aarc-g002/">AARC-G002&lt;/a> the
information about the groups a user is a member of is commonly used by Service
Providers in order to authorise user access to protected resources.The entity
responsible for disseminating this information is the EGI Check-in AAI proxy and
the format used is that of a URN namespace, called eduPersonEntitlement, that is
uniformly interpreted across infrastructures.&lt;/p>
&lt;p>The general form of the eduPersonEntitlement string is:&lt;/p>
&lt;p>&lt;code>&amp;lt;NAMESPACE&amp;gt;:group:&amp;lt;VO&amp;gt;[:&amp;lt;GROUP&amp;gt;*][:role=&amp;lt;ROLE&amp;gt;]#&amp;lt;GROUP-AUTHORITY&amp;gt;&lt;/code>&lt;/p>
&lt;p>As a result, an eduPersonEntitlement string informing the Service Provider that
the user has the role Associate in the vo.example.eu VO (modelled as a COU) is:&lt;/p>
&lt;p>&lt;code>urn:mace:egi.eu:group:vo.example.eu:role=associate#aai.egi.eu&lt;/code>&lt;/p>
&lt;h2 id="entitlement-construction">Entitlement Construction&lt;/h2>
&lt;p>For the case of the CO Person with a profile/canvas, like the one provided
above, we expect to get entitlements for all the entries listed under the tab
Role Attributes. Additionally, we will get entitlements for all the General
Purpose(GP) Groups enlisted under the tab Groups. These GP Groups have no
prefix, neither CO: nor CO:COU, and no postfix, neither active nor all.&lt;/p>
&lt;h3 id="vocou">VO(COU)&lt;/h3>
&lt;p>For each entry in the table Role Attributes, that is in status &lt;strong>Active&lt;/strong> or
&lt;strong>Grace Period&lt;/strong>, we create one eduPersonEntitlement for each different Role and
for the Affiliation. For example, the CO Person from above is affiliated as
Member to the VO vo.example.eu and has been assigned the role of an Associate.
This will generate two entitlements as:&lt;/p>
&lt;p>&lt;code>urn:mace:egi.eu:group:vo.example.eu:role=associate#aai.egi.eu&lt;/code>&lt;/p>
&lt;p>&lt;code>urn:mace:egi.eu:group:vo.example.eu:role=member#aai.egi.eu&lt;/code>&lt;/p>
&lt;h3 id="vo-groups-sub-cous">VO Groups (sub COUs)&lt;/h3>
&lt;p>There are occasions where we need a VO to be organized in subgroups. For example
vo.example.eu contains the sub-COU vo.example-sub.eu.&lt;/p>
&lt;p>&lt;img src="vo-subgroup.png" alt="VO subgroup">&lt;/p>
&lt;p>The CO Person is affiliated as member and with the Role of Support in the VO
sub-group vo.example-sub.eu:&lt;/p>
&lt;p>&lt;img src="vo-subgroup-membership.png" alt="VO subgroup membership">&lt;/p>
&lt;p>In such occasions the eduPersonEntitlement will have the following structure:&lt;/p>
&lt;p>&lt;code>urn:mace:egi.eu:group:vo.example.eu:vo.example-sub.eu:role=support#aai.egi.eu&lt;/code>&lt;/p>
&lt;p>&lt;code>urn:mace:egi.eu:group:vo.example.eu:vo.examples-sub.eu:role=member#aai.egi.eu&lt;/code>&lt;/p></description></item><item><title>Users: VOMS</title><link>/users/aai/check-in/vos/voms/</link><pubDate>Mon, 01 Jan 0001 00:00:00 +0000</pubDate><guid>/users/aai/check-in/vos/voms/</guid><description>
&lt;h2 id="authentication">Authentication&lt;/h2>
&lt;p>Some EGI services authentication is based on
&lt;a href="https://tools.ietf.org/html/rfc5280">X.509&lt;/a> certificates. The certificates are
issued by Certification Authorities (CAs) part of the
&lt;a href="https://www.eugridpma.org/">EUGridPMA&lt;/a> federation which is also part of
&lt;a href="https://www.igtf.net/">IGTF&lt;/a> (International Global Trust Federation).&lt;/p>
&lt;p>The role of a Certification Authority (CA) is to guarantee that users are who
they claim to be and are entitled to own their certificate. It is up to the
users to discover which CA they should contact. In general, CAs are organised
geographically and by research institutes. Each CA has its own procedure to
release certificates.&lt;/p>
&lt;p>EGI sites, endpoints and tools accept certificates part of the
&lt;a href="https://www.eugridpma.org/">EUGridPMA&lt;/a> distribution. If your community VO is
enabled on that site, your certificate will be accepted by that site since all
certificates are recognized at site level.&lt;/p>
&lt;p>Usually, a certificate can be installed by command-line tools, but they can also
be stored in the web browser to access EGI web tools and services.&lt;/p>
&lt;h3 id="get-a-certificate">Get a Certificate&lt;/h3>
&lt;p>The &lt;a href="http://www.eugridpma.org/members/worldmap/">list of EGI recognised CAs&lt;/a>
provides a clickable map to find your nearby CA. Several of these offer the
option to get an &amp;rsquo;eScience Personal&amp;rsquo; certificate online from the Terena
Certificate Service CA.
&lt;a href="https://www.terena.org/activities/tcs/participants.html">Check the countries where this is available&lt;/a>.&lt;/p>
&lt;p>If eScience Personal certificate is not available in your country, then request
a certificate from a regular &lt;a href="https://www.igtf.net/pmamap">IGTF CA&lt;/a>. The request
is normally generated using either a web-based interface or console commands.
Details of which type of request a particular CA accepts can be found on each
CA&amp;rsquo;s site.&lt;/p>
&lt;p>For a web-based certificate request, a form must usually be filled in with
information such as the name of the user, home institute, etc. After submission,
a pair of private and public keys are generated, together with a request for the
certificate containing the public key and the user data. The request is then
sent to the CA, while the private key stays in the browser, hence the same
browser must be used to retrieve the certificate once it is issued.&lt;/p>
&lt;p>Users must usually install the CA root certificate in their browser first. This
is because the CA has to sign the user certificate using its private key, and
the user&amp;rsquo;s browser must be able to validate the signature.&lt;/p>
&lt;p>For some CAs, the certificate requests are generated using a command line
interface. The details of the exact command and the requirements of each CA will
vary and can be found on the CA&amp;rsquo;s site.&lt;/p>
&lt;p>Once received the request, the CA will have to confirm your authenticity through
your certificate. This usually involves a physical meeting or a phone call with
a Registration Authority (RA). A RA is delegated by the CA to verify the
legitimacy of a request, and approve it if it is valid. The RA is usually
someone at your home institute, and will generally need some kind of ID to prove
your identity.&lt;/p>
&lt;h3 id="install-a-certificate">Install a Certificate&lt;/h3>
&lt;p>After approval, the certificate is generated and delivered to you. This can be
done via email, or by giving instructions to you to download it from a web page.&lt;/p>
&lt;h4 id="browser-installation">Browser installation&lt;/h4>
&lt;p>Install the certificate in your browser. If you don’t know how to upload your
certificate in your browser have a look at the
&lt;a href="https://ca.cern.ch/ca/Help/">examples&lt;/a>.&lt;/p>
&lt;h4 id="host-installation">Host installation&lt;/h4>
&lt;p>To use EGI services with your certificate, you must first save your certificate
to disk.&lt;/p>
&lt;p>The received certificate will usually be in one of two formats:&lt;/p>
&lt;ul>
&lt;li>&lt;em>Privacy Enhanced Mail Security Certificate (PEM)&lt;/em> with extension &lt;code>.pem&lt;/code> or&lt;/li>
&lt;li>&lt;em>Personal Information Exchange File (PKCS12)&lt;/em> with extensions &lt;code>.p12&lt;/code> or
&lt;code>.pfx&lt;/code>.&lt;/li>
&lt;/ul>
&lt;p>The latter is the most common for certificates exported from a browser (e.g.
Internet Explorer, Mozilla and Firefox), but the &lt;code>PEM&lt;/code> format is currently
needed on EGI user interface. The certificates can be converted from one format
to the other using the &lt;code>openssl&lt;/code> command.&lt;/p>
&lt;p>If the certificate is in &lt;code>PKCS12&lt;/code> format, then it can be converted to &lt;code>PEM&lt;/code>
using &lt;code>pkcs12&lt;/code>:&lt;/p>
&lt;ol>
&lt;li>
&lt;p>First you will need to create the private key, use &lt;code>-nocerts&lt;/code>. Open your
terminal, enter the following command:&lt;/p>
&lt;div class="highlight">&lt;pre tabindex="0" style="background-color:#f8f8f8;-moz-tab-size:4;-o-tab-size:4;tab-size:4;">&lt;code class="language-sh" data-lang="sh">&lt;span style="display:flex;">&lt;span>openssl pkcs12 -nocerts -in my_cert.p12 -out userkey.pem
&lt;/span>&lt;/span>&lt;/code>&lt;/pre>&lt;/div>&lt;p>where:&lt;/p>
&lt;table>
&lt;thead>
&lt;tr>
&lt;th>Filename&lt;/th>
&lt;th>Description&lt;/th>
&lt;/tr>
&lt;/thead>
&lt;tbody>
&lt;tr>
&lt;td>&lt;code>my_cert.p12&lt;/code>&lt;/td>
&lt;td>is the input PKCS12 format file;&lt;/td>
&lt;/tr>
&lt;tr>
&lt;td>&lt;code>userkey.pem&lt;/code>&lt;/td>
&lt;td>is the output private key file;&lt;/td>
&lt;/tr>
&lt;tr>
&lt;td>&lt;code>usercert.pem&lt;/code>&lt;/td>
&lt;td>is the output PEM certificate file.&lt;/td>
&lt;/tr>
&lt;/tbody>
&lt;/table>
&lt;p>When prompted to &lt;code>“Enter Import Password”&lt;/code>, simply press enter since no
password should have been given when exporting from keychain. When prompted
to &lt;code>“Enter PEM pass phrase”&lt;/code>, enter the pass phrase of your choice, e.g.
&lt;code>1234&lt;/code>.&lt;/p>
&lt;/li>
&lt;li>
&lt;p>Now you can create the certificate, use &lt;code>-clcerts&lt;/code>, (use &lt;code>-nokeys&lt;/code> hereu will
not output private key), and the command is:&lt;/p>
&lt;div class="highlight">&lt;pre tabindex="0" style="background-color:#f8f8f8;-moz-tab-size:4;-o-tab-size:4;tab-size:4;">&lt;code class="language-sh" data-lang="sh">&lt;span style="display:flex;">&lt;span>openssl pkcs12 -clcerts -nokeys -in my_cert.p12 -out usercert.pem
&lt;/span>&lt;/span>&lt;/code>&lt;/pre>&lt;/div>&lt;p>When prompted to &lt;code>“Enter Import Password”&lt;/code>, simply press enter since no
password should have been given when exporting from keychain.&lt;/p>
&lt;p>For further information on the options of the pkcs12 command, consult
&lt;code>man pkcs12&lt;/code>&lt;/p>
&lt;/li>
&lt;/ol>
&lt;p>It is strongly recommended that the names of all these files are kept as shown.
Once in PEM format, the two files, &lt;code>userkey.pem&lt;/code> and &lt;code>usercert.pem&lt;/code>, should be
copied to a &lt;em>User Interface (UI)&lt;/em>. For example, the ‘standard’ location for Mac
would be &lt;code>.globus&lt;/code> directory in your &lt;code>$HOME&lt;/code>. I.e. &lt;code>$HOME/.globus/&lt;/code>&lt;/p>
&lt;h3 id="renewing-the-certificate">Renewing the Certificate&lt;/h3>
&lt;p>CAs issue certificates with a limited duration (usually one year); this implies
the need to renew them periodically. The renewal procedure usually requires that
the certificate holder sends a request for renewal signed with the old
certificate and/or that the request is confirmed by a phone call; the details
depend on the policy of the CA. The certificate usually needs to be renewed
before the old certificate expires; CAs may send an email to remind users that
renewal is necessary, but users should try to be aware of the renewal date, and
take appropriate action if they are away for extended periods of time.&lt;/p>
&lt;h3 id="taking-care-of-private-keys">Taking Care of Private Keys&lt;/h3>
&lt;p>A private key is the essence of your identity. Anyone who steals it can
impersonate the owner and if it is lost, it is no longer possible to do
anything. Certificates are issued personally to individuals, and must never be
shared with other users. To user EGI services, users must agree to an Acceptable
Use Policy, which among other things requires them to keep their private key
secure.&lt;/p>
&lt;p>On a UNIX UI, the certificate and private key are stored in two files. Typically
they are in a directory called &lt;code>$HOME/.globus&lt;/code> and are named &lt;code>usercert.pem&lt;/code> and
&lt;code>userkey.pem&lt;/code>, and it is strongly recommended that they are not changed. The
certificate is public and world-readable, but the key must only be readable by
the owner. The key should be stored on a disk local to the user&amp;rsquo;s UI rather
than, for example, an NFS-mounted disk. If a certificate has been exported from
a browser, a PKCS12-format file (&lt;code>.p12&lt;/code> or &lt;code>.pfx&lt;/code>), which contains the private
key, will have been locally stored and this file must be either encrypted,
hidden or have its access rights restricted to only the owner.&lt;/p>
&lt;p>If a private key is stored under the Andrew File System (AFS), access is
controlled by the AFS Access Control Lists (ACL) rather than the normal file
permissions, so users must ensure that the key is not in a publicly-readable
area.&lt;/p>
&lt;p>Web browsers also store private keys internally, and these also need to be
protected. The details vary depending on the browser, but password protection
should be used if available; this may not be the default (it is not with
Internet Explorer). The most secure mode is one in which every use of the
private key needs the password to be entered, but this can cause problems as
some sites ask for the certificate many times. Reaching a compromise between
security and convenience is vital here, so that neither come too short.&lt;/p>
&lt;p>It is important not to lose the private key, as this implies loss of all access
to the services, and registration will have to be started again from scratch.
Having several securely protected copies in different places is strongly
advised, so the certificate can be used from a web browser and several UI
machines.&lt;/p>
&lt;p>A private key stored on a UI must be encrypted, meaning that a passphrase must
be typed whenever it is used. A key must never be stored without a passphrase.
The passphrase should follow similar rules to any computer password. Users
should be aware of the usual risks, like people watching them type or
transmitting the passphrase over an insecure link.&lt;/p>
&lt;h2 id="authorisation">Authorisation&lt;/h2>
&lt;p>The sites authorise the access to their resources to a VO according to their own
access policies, resource location, how many resources is the VO allowed to use.
There are finer authorization policies, including groups, roles, in this way,
the users can be structured in a VO. So, it is not a 0/1 authorization policy.&lt;/p>
&lt;p>The community has full control of the access to the VO according to community
authorization policies. The VO membership, groups and roles are managed by VO
managers (Privileged VO members) independently by using the Virtual Organization
Membership Service (VOMS).&lt;/p>
&lt;h3 id="voms">VOMS&lt;/h3>
&lt;p>The Virtual Organization Membership Service (VOMS) is an attribute authority
which serves as central repository for VO user authorization information,
providing support for sorting users into group hierarchies, keeping track ofu
their roles and other attributes in order to issue trusted attribute
certificates and SAML assertions used in the Grid environment for authorization
purposes. VOMS is composed of two main components:&lt;/p>
&lt;ul>
&lt;li>the VOMS core service, which issues attribute certificates to authenticated
clients&lt;/li>
&lt;li>the VOMS Admin service, which is used by VO manager to administer VOs and
manage user membership details.&lt;/li>
&lt;/ul>
&lt;p>How does it work? Usually, users submit tasks/jobs to the infrastructure that
are attached with their own credential, and the credential is attached with a
proxy certificate that is a short-term credential signed with the user
certificate and is extended with the VO attributes. In general speaking, a user
credential is just an ID, and a proxy contains the VO details, so a resource
site by receiving the proxy can recognize that the user is part of such a VO
with such a role from such a group. A user can be part of multiple VO, thus can
generate multiple proxies.&lt;/p>
&lt;h3 id="register-to-a-vo">Register to a VO&lt;/h3>
&lt;p>Visit &lt;a href="https://operations-portal.egi.eu">Operation Portal&lt;/a> to search for
existing VOs&lt;/p>
&lt;ol>
&lt;li>
&lt;p>If there are any community VOs matching your requirements (with &lt;em>Registry
System&lt;/em> is &lt;em>VOMS&lt;/em>), then click &lt;em>Action&lt;/em>-&amp;gt; &lt;em>Details&lt;/em> to look at the VO
information. In the &lt;em>VO ID Card&lt;/em> page, click the link for &lt;em>Enrollment URL&lt;/em>,
it will take you to the VO VOMS page. &lt;strong>You should have already discussed
with the EGI support team, they would help you to contact the VO managers and
get approval for your access.&lt;/strong> &lt;img src="vo_registration.png" alt="Register to a VO">&lt;/p>
&lt;/li>
&lt;li>
&lt;p>If there are no relevant VOs, you can send a request
&lt;a href="ttps://operations-portal.egi.eu/vo/registration">to register a new VO&lt;/a>.
(Note, for EGI services, you should request for &lt;code>VOMS configuration&lt;/code>, once VO
is configured, you will be notified about your VO VOMS link). More
information can be found at
&lt;a href="https://confluence.egi.eu/display/EGIPP/PROC14+VO+Registration">Guideline for VO registration&lt;/a>.
&lt;strong>Again, this is usually guided by the EGI support team. You should already
have a meeting with them to discuss your requirements. They will help you to
get resources from EGI providers, and sign
&lt;a href="https://confluence.egi.eu/display/EGISLM/EGI+OLA+SLA+framework">SLA&lt;/a> with
you.&lt;/strong>&lt;/p>
&lt;/li>
&lt;li>
&lt;p>Request your VO membership at VO VOMS page. You will have to enter required
information and then wait for approval.&lt;/p>
&lt;p>&lt;img src="register_enmr_vo.png" alt="Register to enmr.eu vo">&lt;/p>
&lt;/li>
&lt;/ol>
&lt;h2 id="creating-a-proxy">Creating a proxy&lt;/h2>
&lt;h3 id="voms-configuration">VOMS configuration&lt;/h3>
&lt;p>Every VO needs two different pieces of information:&lt;/p>
&lt;ul>
&lt;li>the &lt;code>vomses&lt;/code> configuration files, where the details of the VO are stored (e.g.
name, server, ports). These are stored by default at &lt;code>/etc/vomses&lt;/code> and are
normally named following this convention: &lt;code>&amp;lt;vo name&amp;gt;.&amp;lt;server name&amp;gt;&lt;/code> (e.g. for
fedcloud.egi.eu VO, you would have &lt;code>fedcloud.egi.eu.voms1.grid.cesnet.cz&lt;/code> and
&lt;code>fedcloud.egi.eu.voms2.grid.cesnet.cz&lt;/code>.&lt;/li>
&lt;li>the &lt;code>.lsc&lt;/code> files that describe the trust chain of the VOMS server. These are
stored at &lt;code>/etc/grid-security/vomsdir/&amp;lt;vo name&amp;gt;&lt;/code> and there should be one file
for each of the VOMS server of the VO.&lt;/li>
&lt;/ul>
&lt;p>You can check specific configuration for your VO at the
&lt;a href="https://operations-portal.egi.eu/vo">Operations portal&lt;/a>. Normally each VOMS
server has a &lt;em>Configuration Info&lt;/em> link where the exact information to include in
the &lt;code>vomses&lt;/code> and &lt;code>.lsc&lt;/code> files is shown.&lt;/p>
&lt;h3 id="proxy-creation">Proxy creation&lt;/h3>
&lt;p>Once you have the VO information configured (&lt;code>vomses&lt;/code> and &lt;code>.lsc&lt;/code>) and your
certificate available in your &lt;code>$HOME/.globus&lt;/code> directory you can create a VOMS
proxy to be used with clients with:&lt;/p>
&lt;div class="highlight">&lt;pre tabindex="0" style="background-color:#f8f8f8;-moz-tab-size:4;-o-tab-size:4;tab-size:4;">&lt;code class="language-sh" data-lang="sh">&lt;span style="display:flex;">&lt;span>voms-proxy-init --voms &amp;lt;name of the vo&amp;gt; --rfc
&lt;/span>&lt;/span>&lt;/code>&lt;/pre>&lt;/div>&lt;p>See for example, using &lt;code>fedcloud.egi.eu&lt;/code> VO:&lt;/p>
&lt;!-- markdownlint-disable line-length -->
&lt;div class="highlight">&lt;pre tabindex="0" style="background-color:#f8f8f8;-moz-tab-size:4;-o-tab-size:4;tab-size:4;">&lt;code class="language-sh" data-lang="sh">&lt;span style="display:flex;">&lt;span>voms-proxy-init --voms fedcloud.egi.eu --rfc
&lt;/span>&lt;/span>&lt;span style="display:flex;">&lt;span>Enter GRID pass phrase:
&lt;/span>&lt;/span>&lt;span style="display:flex;">&lt;span>Your identity: /DC&lt;span style="color:#ce5c00;font-weight:bold">=&lt;/span>org/DC&lt;span style="color:#ce5c00;font-weight:bold">=&lt;/span>terena/DC&lt;span style="color:#ce5c00;font-weight:bold">=&lt;/span>tcs/C&lt;span style="color:#ce5c00;font-weight:bold">=&lt;/span>NL/O&lt;span style="color:#ce5c00;font-weight:bold">=&lt;/span>EGI/OU&lt;span style="color:#ce5c00;font-weight:bold">=&lt;/span>UCST/CN&lt;span style="color:#ce5c00;font-weight:bold">=&lt;/span>Enol Fernandez
&lt;/span>&lt;/span>&lt;span style="display:flex;">&lt;span>Creating temporary proxy ......................................................... Done
&lt;/span>&lt;/span>&lt;span style="display:flex;">&lt;span>Contacting voms1.grid.cesnet.cz:15002 &lt;span style="color:#ce5c00;font-weight:bold">[&lt;/span>/DC&lt;span style="color:#ce5c00;font-weight:bold">=&lt;/span>cz/DC&lt;span style="color:#ce5c00;font-weight:bold">=&lt;/span>cesnet-ca/O&lt;span style="color:#ce5c00;font-weight:bold">=&lt;/span>CESNET/CN&lt;span style="color:#ce5c00;font-weight:bold">=&lt;/span>voms1.grid.cesnet.cz&lt;span style="color:#ce5c00;font-weight:bold">]&lt;/span> &lt;span style="color:#4e9a06">&amp;#34;fedcloud.egi.eu&amp;#34;&lt;/span> Done
&lt;/span>&lt;/span>&lt;span style="display:flex;">&lt;span>Creating proxy ................................................................... Done
&lt;/span>&lt;/span>&lt;span style="display:flex;">&lt;span>
&lt;/span>&lt;/span>&lt;span style="display:flex;">&lt;span>Your proxy is valid &lt;span style="color:#204a87;font-weight:bold">until&lt;/span> Mon Feb &lt;span style="color:#0000cf;font-weight:bold">4&lt;/span> 23:37:21 &lt;span style="color:#0000cf;font-weight:bold">2019&lt;/span>
&lt;/span>&lt;/span>&lt;/code>&lt;/pre>&lt;/div>&lt;!-- markdownlint-enable line-length --></description></item></channel></rss>