<rss version="2.0" xmlns:atom="http://www.w3.org/2005/Atom"><channel><title>EGI Documentation – HOWTO01 Using IGTF CA distribution</title><link>/providers/operations-manuals/howto01_using_igtf_ca_distribution/</link><description>Recent content in HOWTO01 Using IGTF CA distribution on EGI Documentation</description><generator>Hugo -- gohugo.io</generator><atom:link href="/providers/operations-manuals/howto01_using_igtf_ca_distribution/index.xml" rel="self" type="application/rss+xml"/></channel></rss>